datetime,dji_open,dji_close,dji_adj_close,dji_volume,dji_pct_change,dji_bool
2015-01-02,17823.0703,17832.9902,17832.9902,76270000,0.0005565763829142867,1
2015-01-05,17821.3008,17501.6504,17501.6504,116160000,-0.018580159372262872,0
2015-01-06,17504.1797,17371.6406,17371.6406,101870000,-0.007428430863868685,0
2015-01-07,17374.7793,17584.5195,17584.5195,91030000,0.01225439236867465,1
2015-01-08,17591.9707,17907.8691,17907.8691,114890000,0.018388310240720518,1
2015-01-09,17911.0195,17737.3691,17737.3691,93390000,-0.009520954115082247,0
2015-01-12,17742.0508,17640.8398,17640.8398,92500000,-0.005442143051530568,0
2015-01-13,17645.0195,17613.6797,17613.6797,99360000,-0.001539614911077014,0
2015-01-14,17609.0605,17427.0898,17427.0898,109180000,-0.010593465032749494,0
2015-01-15,17436.3008,17320.7109,17320.7109,94520000,-0.006104226306333893,0
2015-01-16,17320.0000,17511.5703,17511.5703,140480000,0.011019143561826983,1
2015-01-20,17516.9609,17515.2305,17515.2305,119600000,0.00020901609263468401,1
2015-01-21,17509.9609,17554.2793,17554.2793,95530000,0.002229419704182334,1
2015-01-22,17557.2891,17813.9805,17813.9805,111980000,0.014794181838043485,1
2015-01-23,17812.5000,17672.5996,17672.5996,97110000,-0.007936513683732827,0
2015-01-26,17668.1094,17678.6992,17678.6992,87220000,0.00034514446872879745,1
2015-01-27,17638.5293,17387.2109,17387.2109,135940000,-0.016488107903323668,0
2015-01-28,17402.9102,17191.3691,17191.3691,115980000,-0.011263554639461937,0
2015-01-29,17195.2891,17416.8496,17416.8496,111690000,0.01311591291469627,1
2015-01-30,17416.8496,17164.9492,17164.9492,168560000,-0.01446302895099938,0
2015-02-02,17169.9902,17361.0391,17361.0391,108090000,0.011423855539287153,1
2015-02-03,17369.9707,17666.4004,17666.4004,112860000,0.017588883835875757,1
2015-02-04,17664.9902,17673.0195,17673.0195,102560000,0.00037467168467442136,1
2015-02-05,17677.2598,17884.8809,17884.8809,79890000,0.011987843956150268,1
2015-02-06,17881.5391,17824.2891,17824.2891,93610000,-0.0033878783056362494,0
2015-02-09,17821.4902,17729.2109,17729.2109,81590000,-0.005334193103948448,0
2015-02-10,17736.1504,17868.7598,17868.7598,89930000,0.007871128658072601,1
2015-02-11,17867.8594,17862.1406,17862.1406,89890000,-0.00037043421446636415,0
2015-02-12,17862.1406,17972.3809,17972.3809,117160000,0.0061717294958478774,1
2015-02-13,17968.6504,18019.3496,18019.3496,85230000,0.0026133821813225655,1
2015-02-17,18019.8008,18047.5801,18047.5801,98760000,0.0015666769681852433,1
2015-02-18,18045.7207,18029.8496,18029.8496,75090000,-0.0009824308800268078,0
2015-02-19,18028.6699,17985.7695,17985.7695,79130000,-0.0024448401388773577,0
2015-02-20,17985.7695,18140.4395,18140.4395,111390000,0.008599576459600522,1
2015-02-23,18140.7598,18116.8398,18116.8398,83670000,-0.0013009442246423308,0
2015-02-24,18112.5703,18209.1895,18209.1895,79310000,0.0050974508258332385,1
2015-02-25,18208.6699,18224.5703,18224.5703,80480000,0.0008446724111470516,1
2015-02-26,18224.4102,18214.4199,18214.4199,81500000,-0.0005569623773241661,0
2015-02-27,18213.2598,18132.6992,18132.6992,101110000,-0.004486593613667655,0
2015-03-02,18134.0508,18288.6309,18288.6309,89790000,0.008599475361064979,1
2015-03-03,18281.9492,18203.3691,18203.3691,83830000,-0.004662011085805218,0
2015-03-04,18203.3691,18096.9004,18096.9004,80900000,-0.005848845860077723,0
2015-03-05,18096.9004,18135.7207,18135.7207,75840000,0.0021451353072596824,1
2015-03-06,18135.7207,17856.7793,17856.7793,113350000,-0.015380772819246324,0
2015-03-09,17856.5605,17995.7207,17995.7207,85820000,0.007780876812427451,1
2015-03-10,17989.5605,17662.9395,17662.9395,120450000,-0.01849224076921807,0
2015-03-11,17662.9395,17635.3906,17635.3906,102120000,-0.0015597007508292293,0
2015-03-12,17626.8398,17895.2207,17895.2207,111550000,0.01473344741227356,1
2015-03-13,17889.0508,17749.3105,17749.3105,113620000,-0.008153584828378357,0
2015-03-16,17751.2402,17977.4199,17977.4199,101760000,0.012851733029291434,1
2015-03-17,17972.2207,17849.0801,17849.0801,82560000,-0.007138944337613307,0
2015-03-18,17846.8008,18076.1895,18076.1895,130950000,0.012723871411165932,1
2015-03-19,18072.5801,17959.0293,17959.0293,107820000,-0.006481465576580803,0
2015-03-20,17961.1309,18127.6504,18127.6504,333870000,0.009389210139548076,1
2015-03-23,18136.7305,18116.0391,18116.0391,98030000,-0.0006405297842679847,0
2015-03-24,18110.8691,18011.1406,18011.1406,87190000,-0.005790366173365258,0
2015-03-25,18012.6094,17718.5391,17718.5391,106560000,-0.016245584135854085,0
2015-03-26,17716.2695,17678.2305,17678.2305,117740000,-0.0022749392471075325,0
2015-03-27,17673.6309,17712.6602,17712.6602,103220000,0.0019475761445693074,1
2015-03-30,17727.4805,17976.3105,17976.3105,104040000,0.01488485055452049,1
2015-03-31,17965.3691,17776.1191,17776.1191,119470000,-0.011136400876030739,0
2015-04-01,17778.5195,17698.1797,17698.1797,103360000,-0.004384500326620744,0
2015-04-02,17699.5195,17763.2402,17763.2402,87370000,0.0036761125213344847,1
2015-04-06,17755.5000,17880.8496,17880.8496,100850000,0.006620942951613085,1
2015-04-07,17884.3203,17875.4199,17875.4199,72150000,-0.00030366006769610987,0
2015-04-08,17877.6191,17902.5098,17902.5098,76820000,0.0015154832810388985,1
2015-04-09,17902.5098,17958.7305,17958.7305,86740000,0.00314038090905,1
2015-04-10,17956.7305,18057.6504,18057.6504,116410000,0.0055081788771202955,1
2015-04-13,18052.3203,17977.0391,17977.0391,120090000,-0.004464107910738813,0
2015-04-14,17979.1094,18036.6992,18036.6992,82830000,0.0033186833308938013,1
2015-04-15,18045.7109,18112.6094,18112.6094,113610000,0.004208652545472535,1
2015-04-16,18106.2695,18105.7695,18105.7695,89520000,-0.0003776319495965019,0
2015-04-17,18102.5605,17826.3008,17826.3008,138860000,-0.015435339547429816,0
2015-04-20,17841.1797,18034.9297,18034.9297,103160000,0.011703432043511874,1
2015-04-21,18034.2305,17949.5898,17949.5898,95180000,-0.00473192307480963,0
2015-04-22,17950.8203,18038.2695,18038.2695,91260000,0.00494048616085907,1
2015-04-23,18031.9004,18058.6895,18058.6895,100240000,0.0011320376380894448,1
2015-04-24,18056.4199,18080.1406,18080.1406,119130000,0.0011878547443875398,1
2015-04-27,18097.8906,18037.9707,18037.9707,121110000,-0.002332387835523697,0
2015-04-28,18035.9004,18110.1406,18110.1406,124930000,0.004000998848501025,1
2015-04-29,18093.6895,18035.5293,18035.5293,102080000,-0.004119863100345067,0
2015-04-30,18033.3301,17840.5195,17840.5195,129180000,-0.010812535454670535,0
2015-05-01,17859.2695,18024.0605,18024.0605,91700000,0.010287873063337782,1
2015-05-04,18026.0195,18070.4004,18070.4004,86010000,0.0025710022444720426,1
2015-05-05,18062.5293,17928.1992,17928.1992,95340000,-0.007869288828818655,0
2015-05-06,17934.8105,17841.9805,17841.9805,100430000,-0.004809111000953048,0
2015-05-07,17840.2500,17924.0605,17924.0605,80920000,0.004600386151077718,1
2015-05-08,17933.6406,18191.1094,18191.1094,94960000,0.014898906416880298,1
2015-05-11,18187.7793,18105.1699,18105.1699,86050000,-0.004724258323684283,0
2015-05-12,18096.1602,18068.2305,18068.2305,89270000,-0.0020402680672994,0
2015-05-13,18070.3691,18060.4902,18060.4902,85180000,-0.00042839280802853263,0
2015-05-14,18062.4902,18252.2402,18252.2402,91580000,0.010617098311096695,1
2015-05-15,18251.9707,18272.5605,18272.5605,108220000,0.001113304437008189,1
2015-05-18,18267.2500,18298.8809,18298.8809,79080000,0.0014404330471364801,1
2015-05-19,18300.4805,18312.3906,18312.3906,87200000,0.0007382801207258538,1
2015-05-20,18315.0605,18285.4004,18285.4004,80190000,-0.0014738763818198386,0
2015-05-21,18285.8691,18285.7402,18285.7402,84270000,1.8583131491167748e-05,1
2015-05-22,18286.8691,18232.0195,18232.0195,78890000,-0.002937846617770634,0
2015-05-26,18229.7500,18041.5391,18041.5391,109440000,-0.010447575486632,0
2015-05-27,18045.0801,18162.9902,18162.9902,96400000,0.0067317482908095805,1
2015-05-28,18154.1406,18126.1191,18126.1191,67510000,-0.0020300126572770916,0
2015-05-29,18128.1191,18010.6797,18010.6797,139810000,-0.006368677120741184,0
2015-06-01,18017.8203,18040.3691,18040.3691,85640000,0.001648433068297761,1
2015-06-02,18033.3301,18011.9395,18011.9395,77550000,-0.0015758879345766363,0
2015-06-03,18018.4199,18076.2695,18076.2695,73120000,0.0035715198799106673,1
2015-06-04,18072.4707,17905.5801,17905.5801,93470000,-0.00944273374547766,0
2015-06-05,17905.3809,17849.4609,17849.4609,89140000,-0.003134173798703177,0
2015-06-08,17849.4609,17766.5508,17766.5508,86300000,-0.004644963815125469,0
2015-06-09,17766.9492,17764.0391,17764.0391,90550000,-0.00014137240414713315,0
2015-06-10,17765.3809,18000.4004,18000.4004,96980000,0.013305605705405066,1
2015-06-11,18001.2695,18039.3691,18039.3691,89490000,0.002164879621233462,1
2015-06-12,18035.8301,17898.8398,17898.8398,83760000,-0.007790144944703092,0
2015-06-15,17890.7598,17791.1699,17791.1699,91920000,-0.006015468108720667,0
2015-06-16,17787.4297,17904.4805,17904.4805,77510000,0.006368923496144152,1
2015-06-17,17909.5801,17935.7402,17935.7402,92410000,0.0017459149401177765,1
2015-06-18,17944.6094,18115.8398,18115.8398,94460000,0.010041380951760326,1
2015-06-19,18116.2402,18015.9492,18015.9492,258300000,-0.005513992235678833,0
2015-06-22,18027.6309,18119.7793,18119.7793,77780000,0.005763232280872499,1
2015-06-23,18121.7793,18144.0703,18144.0703,75970000,0.0013405792420442264,1
2015-06-24,18139.0996,17966.0703,17966.0703,104980000,-0.009810367632890005,0
2015-06-25,17977.1094,17890.3594,17890.3594,78990000,-0.004214104628099902,0
2015-06-26,17892.0293,17946.6797,17946.6797,158120000,0.0031480809714756752,1
2015-06-29,17936.7402,17596.3496,17596.3496,116340000,-0.01952060803759703,0
2015-06-30,17599.9609,17619.5098,17619.5098,126460000,0.0013161934450311996,1
2015-07-01,17638.1191,17757.9102,17757.9102,87010000,0.007854951787591657,1
2015-07-02,17763.3203,17730.1094,17730.1094,83080000,-0.0015655445762979836,0
2015-07-06,17728.0801,17683.5801,17683.5801,90130000,-0.0026243098082633365,0
2015-07-07,17684.9199,17776.9102,17776.9102,105840000,0.005277783088730947,1
2015-07-08,17759.0098,17515.4199,17515.4199,69830000,-0.014709547219291075,0
2015-07-09,17530.3809,17548.6191,17548.6191,100520000,0.0018954270117155225,1
2015-07-10,17561.1191,17760.4102,17760.4102,85800000,0.012068818565900585,1
2015-07-13,17787.2695,17977.6797,17977.6797,86380000,0.012233360465965015,1
2015-07-14,17974.6094,18053.5801,18053.5801,76740000,0.004221924145194178,1
2015-07-15,18053.3809,18050.1699,18050.1699,80460000,-0.00018889328216942225,0
2015-07-16,18078.1602,18120.2500,18120.2500,85030000,0.003882517471483604,1
2015-07-17,18117.5801,18086.4492,18086.4492,106510000,-0.0018653605772547266,0
2015-07-20,18085.9102,18100.4102,18100.4102,75060000,0.0007719038626996522,1
2015-07-21,18096.6699,17919.2891,17919.2891,100170000,-0.010006463831410684,0
2015-07-22,17918.3496,17851.0391,17851.0391,112370000,-0.0038087448457986284,0
2015-07-23,17853.7793,17731.9199,17731.9199,88600000,-0.006672956085788884,0
2015-07-24,17731.0508,17568.5293,17568.5293,103470000,-0.009214490078990445,0
2015-07-27,17561.7793,17440.5898,17440.5898,117860000,-0.007282311331546554,0
2015-07-28,17449.8105,17630.2695,17630.2695,103450000,0.010875761781863336,1
2015-07-29,17631.4004,17751.3906,17751.3906,93140000,0.006870065145629267,1
2015-07-30,17743.2402,17745.9805,17745.9805,76650000,-0.0003047704893608394,0
2015-07-31,17755.8691,17689.8594,17689.8594,106120000,-0.0031624682558396566,0
2015-08-03,17696.7402,17598.1992,17598.1992,87880000,-0.00518151093953878,0
2015-08-04,17596.9297,17550.6895,17550.6895,99060000,-0.0026996910002018426,0
2015-08-05,17555.2402,17540.4707,17540.4707,102450000,-0.000582244931174869,0
2015-08-06,17542.6094,17419.7500,17419.7500,96170000,-0.006882409375707388,0
2015-08-07,17414.9395,17373.3809,17373.3809,81800000,-0.0026618694298138346,0
2015-08-10,17375.1797,17615.1699,17615.1699,92430000,0.013917210552840675,1
2015-08-11,17593.5898,17402.8398,17402.8398,103010000,-0.012053820724147513,0
2015-08-12,17382.9297,17402.5098,17402.5098,120400000,-1.896242244336932e-05,0
2015-08-13,17401.6406,17408.2500,17408.2500,88550000,0.00032984897385324174,1
2015-08-14,17410.1191,17477.4004,17477.4004,82120000,0.003972277512099165,1
2015-08-17,17472.6602,17545.1797,17545.1797,73380000,0.0038781110719419143,1
2015-08-18,17537.3008,17511.3398,17511.3398,79900000,-0.0019287291768234072,0
2015-08-19,17508.7402,17348.7305,17348.7305,104720000,-0.009285942815180803,0
2015-08-20,17345.3203,16990.6895,16990.6895,128530000,-0.020637878950278243,0
2015-08-21,16990.6895,16459.7500,16459.7500,225170000,-0.03124884955375118,0
2015-08-24,16459.7500,15871.3496,15871.3496,293920000,-0.03574783335105336,0
2015-08-25,15882.2695,15666.4404,15666.4404,213220000,-0.012910634896480366,0
2015-08-26,15676.2598,16285.5098,16285.5098,208420000,0.03951563879182163,1
2015-08-27,16285.5098,16654.7695,16654.7695,171980000,0.02267412592757756,1
2015-08-28,16649.4199,16643.0098,16643.0098,131790000,-0.0007060860253874646,0
2015-08-31,16632.0200,16528.0300,16528.0300,141440000,-0.0069085941414275265,0
2015-09-01,16528.0293,16058.3496,16058.3496,171390000,-0.02841720398619796,0
2015-09-02,16058.3496,16351.3799,16351.3799,133480000,0.01824784659066081,1
2015-09-03,16364.3398,16374.7598,16374.7598,109730000,0.0014298426275325404,1
2015-09-04,16371.7598,16102.3799,16102.3799,127270000,-0.016634131024016563,0
2015-09-08,16109.9297,16492.6797,16492.6797,123870000,0.024238640649634657,1
2015-09-09,16505.0391,16253.5703,16253.5703,118790000,-0.014497910851927864,0
2015-09-10,16252.5703,16330.4004,16330.4004,122690000,0.004726967588161379,1
2015-09-11,16330.4004,16433.0898,16433.0898,104630000,0.006288235284175991,1
2015-09-14,16450.8594,16370.9600,16370.9600,92660000,-0.0037807740818164293,0
2015-09-15,16382.5801,16599.8496,16599.8496,93050000,0.013981440306494175,1
2015-09-16,16599.5098,16739.9492,16739.9492,99620000,0.008439811406483866,1
2015-09-17,16738.0801,16674.7402,16674.7402,129600000,-0.0038954120601512043,0
2015-09-18,16674.7402,16384.5801,16384.5801,341690000,-0.017401176661211215,0
2015-09-21,16406.0996,16510.1895,16510.1895,90730000,0.007666317918028298,1
2015-09-22,16477.4492,16330.4697,16330.4697,119010000,-0.010885386869726732,0
2015-09-23,16332.8096,16279.8896,16279.8896,86030000,-0.0030972838460365804,0
2015-09-24,16257.1104,16201.3203,16201.3203,122220000,-0.004826156806370552,0
2015-09-25,16205.0703,16314.6699,16314.6699,130790000,0.006996318688915926,1
2015-09-28,16313.2598,16001.8896,16001.8896,139930000,-0.019171721028814703,0
2015-09-29,16001.7598,16049.1299,16049.1299,121160000,0.002952170098711404,1
2015-09-30,16057.0801,16284.7002,16284.7002,145740000,0.014678072983881796,1
2015-10-01,16278.6201,16272.0098,16272.0098,111420000,-0.0007792836124793645,0
2015-10-02,16258.2500,16472.3691,16472.3691,136870000,0.012313125573461647,1
2015-10-05,16502.0996,16776.4297,16776.4297,127660000,0.018458826302040654,1
2015-10-06,16774.0195,16790.1895,16790.1895,120010000,0.0008201864309662632,1
2015-10-07,16805.4199,16912.2891,16912.2891,115690000,0.007272079925006336,1
2015-10-08,16904.1699,17050.7500,17050.7500,100730000,0.008186999357762792,1
2015-10-09,17054.6895,17084.4902,17084.4902,103730000,0.001978810316261681,1
2015-10-12,17082.2891,17131.8594,17131.8594,72500000,0.0027726434588022375,1
2015-10-13,17113.5508,17081.8906,17081.8906,99400000,-0.0029167178432484286,0
2015-10-14,17079.0801,16924.7500,16924.7500,120110000,-0.009199251047773305,0
2015-10-15,16944.8594,17141.7500,17141.7500,122960000,0.012821459696598092,1
2015-10-16,17141.7500,17215.9707,17215.9707,145880000,0.00432982046757191,1
2015-10-19,17209.4297,17230.5391,17230.5391,118430000,0.0008462142654552807,1
2015-10-20,17228.4707,17217.1094,17217.1094,106670000,-0.0007794126418250169,0
2015-10-21,17225.9297,17168.6094,17168.6094,107100000,-0.0028169653147467333,0
2015-10-22,17180.8809,17489.1602,17489.1602,152420000,0.01867074918717626,1
2015-10-23,17525.1094,17646.6992,17646.6992,158090000,0.009007808162223796,1
2015-10-26,17649.5703,17623.0508,17623.0508,116660000,-0.0013401033095185033,0
2015-10-27,17608.8906,17581.4297,17581.4297,113960000,-0.0023617420429838942,0
2015-10-28,17586.6895,17779.5195,17779.5195,115630000,0.011266990420011114,1
2015-10-29,17771.5000,17755.8008,17755.8008,90300000,-0.001334046175994641,0
2015-10-30,17756.5996,17663.5391,17663.5391,149250000,-0.005196144124347213,0
2015-11-02,17672.6191,17828.7598,17828.7598,100840000,0.00935377101183521,1
2015-11-03,17819.7402,17918.1504,17918.1504,92290000,0.005013842858548001,1
2015-11-04,17929.5801,17867.5801,17867.5801,99890000,-0.0028222946493405843,0
2015-11-05,17871.2500,17863.4297,17863.4297,98910000,-0.00023228663180852038,0
2015-11-06,17855.2207,17910.3301,17910.3301,107450000,0.002625498058751674,1
2015-11-09,17900.7793,17730.4805,17730.4805,121210000,-0.010041668634571788,0
2015-11-10,17724.1309,17758.2109,17758.2109,108640000,0.0015639959672832937,1
2015-11-11,17769.5000,17702.2207,17702.2207,95230000,-0.0031529189688808135,0
2015-11-12,17691.9297,17448.0703,17448.0703,113660000,-0.014356978387463082,0
2015-11-13,17439.2500,17245.2402,17245.2402,134640000,-0.011624786954234079,0
2015-11-16,17229.9395,17483.0098,17483.0098,137590000,0.01378754933201809,1
2015-11-17,17486.9902,17489.5000,17489.5000,167190000,0.00037122898598385135,1
2015-11-18,17485.4902,17737.1602,17737.1602,106810000,0.014160507733211203,1
2015-11-19,17739.8301,17732.7500,17732.7500,114630000,-0.0002486418316275385,0
2015-11-20,17732.7500,17823.8105,17823.8105,153140000,0.005135159521224786,1
2015-11-23,17823.6094,17792.6797,17792.6797,134680000,-0.0017465849965134783,0
2015-11-24,17770.9004,17812.1895,17812.1895,127170000,0.0010965071214090738,1
2015-11-25,17820.8105,17813.3906,17813.3906,82540000,6.74313508735036e-05,1
2015-11-27,17806.0391,17813.3906,17813.3906,82540000,0.0,0
2015-11-30,17802.8398,17719.9199,17719.9199,155560000,-0.005247215541324124,0
2015-12-01,17719.7207,17888.3496,17888.3496,103880000,0.009505105042828088,1
2015-12-02,17883.1406,17729.6797,17729.6797,102860000,-0.008870013363334595,0
2015-12-03,17741.5703,17477.6699,17477.6699,126990000,-0.014214007487117764,0
2015-12-04,17482.6797,17847.6309,17847.6309,137650000,0.021167638599239202,1
2015-12-07,17845.4902,17730.5098,17730.5098,99670000,-0.00656227712553159,0
2015-12-08,17703.9902,17568.0000,17568.0000,113720000,-0.009165545820910337,0
2015-12-09,17558.1797,17492.3008,17492.3008,122020000,-0.00430892531876137,0
2015-12-10,17493.1699,17574.7500,17574.7500,107310000,0.004713456562557949,1
2015-12-11,17574.7500,17265.2109,17265.2109,134510000,-0.01761271710835155,0
2015-12-14,17277.1094,17368.5000,17368.5000,142540000,0.005982498597801866,1
2015-12-15,17374.7793,17524.9102,17524.9102,123430000,0.009005394823962787,1
2015-12-16,17530.8496,17749.0898,17749.0898,123790000,0.012792054135604358,1
2015-12-17,17756.5391,17495.8398,17495.8398,115780000,-0.014268337298062428,0
2015-12-18,17495.0391,17128.5508,17128.5508,344560000,-0.020992933417234405,0
2015-12-21,17154.9395,17251.6191,17251.6191,114910000,0.0071849802961729825,1
2015-12-22,17253.5508,17417.2695,17417.2695,91570000,0.00960202048513814,1
2015-12-23,17427.6309,17602.6094,17602.6094,92820000,0.010641157042440064,1
2015-12-24,17593.2598,17552.1699,17552.1699,40350000,-0.0028654558454270784,0
2015-12-28,17535.6602,17528.2695,17528.2695,59770000,-0.0013616777946071634,0
2015-12-29,17547.3691,17720.9805,17720.9805,69860000,0.010994296955555205,1
2015-12-30,17711.9395,17603.8691,17603.8691,59760000,-0.006608629810297528,0
2015-12-31,17590.6602,17425.0293,17425.0293,93690000,-0.01015911894050614,0
2016-01-04,17405.4805,17148.9395,17148.9395,148060000,-0.01584443820705639,0
2016-01-05,17147.5000,17158.6602,17158.6602,105750000,0.0005668397162401639,1
2016-01-06,17154.8301,16906.5098,16906.5098,120250000,-0.014695226612156942,0
2016-01-07,16888.3594,16514.0996,16514.0996,176240000,-0.023210597849119496,0
2016-01-08,16519.1699,16346.4502,16346.4502,141850000,-0.010151894687616014,0
2016-01-11,16358.7100,16398.5703,16398.5703,127790000,0.0031884659581931096,1
2016-01-12,16419.1094,16516.2207,16516.2207,117480000,0.0071744303221361605,1
2016-01-13,16526.6309,16151.4102,16151.4102,153530000,-0.022088013149400565,0
2016-01-14,16159.0098,16379.0498,16379.0498,158830000,0.014094100588195158,1
2016-01-15,16354.3301,15988.0801,15988.0801,239210000,-0.023870108753195285,0
2016-01-19,16009.4502,16016.0195,16016.0195,144360000,0.0017475143872967003,1
2016-01-20,15989.4502,15766.7402,15766.7402,191870000,-0.015564372908012492,0
2016-01-21,15768.8701,15882.6797,15882.6797,145140000,0.007353422364376971,1
2016-01-22,15921.0996,16093.5098,16093.5098,145850000,0.013274214678018037,1
2016-01-25,16086.4600,15885.2197,15885.2197,123250000,-0.012942490643029325,0
2016-01-26,15893.1602,16167.2305,16167.2305,118210000,0.017753031140010034,1
2016-01-27,16168.7402,15944.4600,15944.4600,138350000,-0.013779137991506984,0
2016-01-28,15960.2803,16069.6396,16069.6396,130120000,0.007850977706363338,1
2016-01-29,16090.2598,16466.3008,16466.3008,217940000,0.02468388899026719,1
2016-02-01,16453.6309,16449.1797,16449.1797,114450000,-0.0010397660171493905,0
2016-02-02,16420.2109,16153.5400,16153.5400,126210000,-0.017972914479133517,0
2016-02-03,16186.2002,16336.6602,16336.6602,141870000,0.01133622722944927,1
2016-02-04,16329.6699,16416.5801,16416.5801,131490000,0.004892058659578424,1
2016-02-05,16417.9492,16204.9697,16204.9697,139010000,-0.01289004157449336,0
2016-02-08,16147.5098,16027.0498,16027.0498,165880000,-0.010979341726260583,0
2016-02-09,16005.4102,16014.3799,16014.3799,127740000,-0.0007905322662690173,0
2016-02-10,16035.6104,15914.7402,15914.7402,122290000,-0.006221889365819244,0
2016-02-11,15897.8203,15660.1797,15660.1797,172070000,-0.01599526582281241,0
2016-02-12,15691.6201,15973.8398,15973.8398,132550000,0.020029150751060598,1
2016-02-16,16012.3896,16196.4102,16196.4102,142030000,0.013933431334399726,1
2016-02-17,16217.9805,16453.8301,16453.8301,124080000,0.015893639196665976,1
2016-02-18,16483.7598,16413.4297,16413.4297,104950000,-0.002455379674790703,0
2016-02-19,16410.9609,16391.9902,16391.9902,134340000,-0.0013062169450178684,0
2016-02-22,16417.1309,16620.6602,16620.6602,102240000,0.013950105948696612,1
2016-02-23,16610.3906,16431.7793,16431.7793,98170000,-0.011364223666638695,0
2016-02-24,16418.8398,16484.9902,16484.9902,93620000,0.0032382920332920673,1
2016-02-25,16504.3809,16697.2891,16697.2891,94120000,0.012878315208219027,1
2016-02-26,16712.6992,16639.9707,16639.9707,98480000,-0.003432796764595736,0
2016-02-29,16634.1504,16516.5000,16516.5000,126220000,-0.007420127248180863,0
2016-03-01,16545.6699,16865.0801,16865.0801,105050000,0.021104961704961678,1
2016-03-02,16851.1699,16899.3203,16899.3203,104470000,0.0020302423585880636,1
2016-03-03,16896.1699,16943.9004,16943.9004,91110000,0.0026379818364647978,1
2016-03-04,16945.0000,17006.7695,17006.7695,106910000,0.003710426673660061,1
2016-03-07,16991.2891,17073.9492,17073.9492,100290000,0.003950174076270185,1
2016-03-08,17050.6699,16964.0996,16964.0996,108380000,-0.00643375464652296,0
2016-03-09,16969.1699,17000.3594,17000.3594,116690000,0.0021374432392509135,1
2016-03-10,17006.0508,16995.1309,16995.1309,117570000,-0.00030755232151158385,0
2016-03-11,17014.9902,17213.3105,17213.3105,123420000,0.012837771081833704,1
2016-03-14,17207.4902,17229.1309,17229.1309,96350000,0.0009190794530780089,1
2016-03-15,17217.1504,17251.5293,17251.5293,92830000,0.0013000307519863696,1
2016-03-16,17249.3398,17325.7598,17325.7598,118710000,0.0043028359230739,1
2016-03-17,17321.3809,17481.4902,17481.4902,117990000,0.00898837348535797,1
2016-03-18,17481.4902,17602.3008,17602.3008,321230000,0.006910772400856358,1
2016-03-21,17589.6992,17623.8691,17623.8691,84410000,0.001225311409290164,1
2016-03-22,17602.7109,17582.5703,17582.5703,95450000,-0.002343344685872717,0
2016-03-23,17588.8105,17502.5898,17502.5898,84240000,-0.004548851427029321,0
2016-03-24,17485.3301,17515.7305,17515.7305,84100000,0.0007507860351043671,1
2016-03-28,17526.0801,17535.3906,17535.3906,70460000,0.0011224253535984108,1
2016-03-29,17512.5801,17633.1094,17633.1094,86160000,0.005572661723315164,1
2016-03-30,17652.3594,17716.6602,17716.6602,79330000,0.004738290797424272,1
2016-03-31,17716.0508,17685.0898,17685.0898,102600000,-0.0017819611396056034,0
2016-04-01,17661.7402,17792.7500,17792.7500,104890000,0.006087625294387777,1
2016-04-04,17799.3906,17737.0000,17737.0000,85230000,-0.0031332986750221004,0
2016-04-05,17718.0293,17603.3203,17603.3203,115230000,-0.007536770592546649,0
2016-04-06,17605.4492,17716.0508,17716.0508,99410000,0.006403933921488747,1
2016-04-07,17687.2793,17541.9609,17541.9609,90120000,-0.009826676496096032,0
2016-04-08,17555.3906,17576.9609,17576.9609,79990000,0.0019952159396272595,1
2016-04-11,17586.4805,17556.4102,17556.4102,107100000,-0.0011691839173403329,0
2016-04-12,17571.3398,17721.2500,17721.2500,81020000,0.009389151775458071,1
2016-04-13,17741.6602,17908.2793,17908.2793,91710000,0.01055395640826684,1
2016-04-14,17912.2500,17926.4297,17926.4297,84510000,0.0010135200426544255,1
2016-04-15,17925.9492,17897.4609,17897.4609,118160000,-0.001615982685052031,0
2016-04-18,17890.1992,18004.1602,18004.1602,89390000,0.0059617004108107885,1
2016-04-19,18012.0996,18053.5996,18053.5996,89820000,0.0027459986720181906,1
2016-04-20,18059.4902,18096.2695,18096.2695,100210000,0.002363512038895399,1
2016-04-21,18092.8398,17982.5195,17982.5195,102720000,-0.006285825926719335,0
2016-04-22,17985.0508,18003.7500,18003.7500,134120000,0.0011806187670198032,1
2016-04-25,17990.9395,17977.2402,17977.2402,83770000,-0.0014724599041866515,0
2016-04-26,17987.3809,17990.3203,17990.3203,92570000,0.0007275922140708158,1
2016-04-27,17996.1406,18041.5508,18041.5508,109090000,0.0028476702552096,1
2016-04-28,18023.8809,17830.7598,17830.7598,100920000,-0.011683640854199817,0
2016-04-29,17813.0898,17773.6406,17773.6406,136670000,-0.003203408079110681,0
2016-05-02,17783.7793,17891.1602,17891.1602,80100000,0.006612016223620509,1
2016-05-03,17870.7500,17750.9102,17750.9102,97060000,-0.007839066803504435,0
2016-05-04,17735.0195,17651.2598,17651.2598,95020000,-0.005613819171931711,0
2016-05-05,17664.4805,17660.7109,17660.7109,81530000,0.0005354348702066858,1
2016-05-06,17650.3008,17740.6309,17740.6309,80020000,0.004525299148631756,1
2016-05-09,17743.8496,17705.9102,17705.9102,85590000,-0.0019571288189080827,0
2016-05-10,17726.6602,17928.3496,17928.3496,75790000,0.012563002832805648,1
2016-05-11,17919.0293,17711.1191,17711.1191,87390000,-0.012116592148560201,0
2016-05-12,17711.1191,17720.5000,17720.5000,88560000,0.0005296616180510139,1
2016-05-13,17711.1191,17535.3203,17535.3203,86640000,-0.010450026805112755,0
2016-05-16,17531.7598,17710.7109,17710.7109,88440000,0.010002132667060515,1
2016-05-17,17701.4609,17529.9805,17529.9805,103260000,-0.01020458190642115,0
2016-05-18,17501.2793,17526.6191,17526.6191,79120000,-0.0001917514968143852,0
2016-05-19,17514.1602,17435.4004,17435.4004,95530000,-0.0052045805000692225,0
2016-05-20,17437.3203,17500.9395,17500.9395,111990000,0.0037589673019498004,1
2016-05-23,17507.0391,17492.9297,17492.9297,87790000,-0.0004576782863571216,0
2016-05-24,17525.1895,17706.0508,17706.0508,86480000,0.012183270821696679,1
2016-05-25,17735.0898,17851.5098,17851.5098,79180000,0.008215214202367482,1
2016-05-26,17859.5195,17828.2891,17828.2891,68940000,-0.0013007695293087984,0
2016-05-27,17826.8496,17873.2207,17873.2207,73190000,0.0025202418329641763,1
2016-05-31,17891.5000,17787.1992,17787.1992,147390000,-0.00481287068759817,0
2016-06-01,17754.5508,17789.6699,17789.6699,78530000,0.0001389032625216391,1
2016-06-02,17789.0508,17838.5605,17838.5605,75560000,0.0027482578527215917,1
2016-06-03,17799.8008,17807.0605,17807.0605,82270000,-0.0017658375517464187,0
2016-06-06,17825.6895,17920.3301,17920.3301,71870000,0.006360937561816993,1
2016-06-07,17936.2207,17938.2793,17938.2793,78750000,0.0010016110138506562,1
2016-06-08,17931.9102,18005.0508,18005.0508,71260000,0.003722291245626952,1
2016-06-09,17969.9805,17985.1895,17985.1895,69690000,-0.0011030960268104684,0
2016-06-10,17938.8203,17865.3398,17865.3398,90540000,-0.006663799678062854,0
2016-06-13,17830.5000,17732.4805,17732.4805,101690000,-0.007436707137246867,0
2016-06-14,17710.7695,17674.8203,17674.8203,93740000,-0.0032516714173181915,0
2016-06-15,17703.6504,17640.1699,17640.1699,94130000,-0.0019604386020263265,0
2016-06-16,17602.2305,17733.0996,17733.0996,91950000,0.005268072843221283,1
2016-06-17,17733.4395,17675.1602,17675.1602,248680000,-0.0032673024630168745,0
2016-06-20,17736.8691,17804.8691,17804.8691,99380000,0.007338485113136395,1
2016-06-21,17827.3301,17829.7305,17829.7305,85130000,0.0013963259072766743,1
2016-06-22,17832.6699,17780.8301,17780.8301,89440000,-0.002742632593353167,0
2016-06-23,17844.1094,18011.0703,18011.0703,98070000,0.012948788032117742,1
2016-06-24,17946.6309,17400.7500,17400.7500,239000000,-0.033885842975139524,0
2016-06-27,17355.2109,17140.2402,17140.2402,138740000,-0.014971182276625972,0
2016-06-28,17190.5098,17409.7207,17409.7207,112190000,0.015722095889881382,1
2016-06-29,17456.0195,17694.6797,17694.6797,106380000,0.016367809967221314,1
2016-06-30,17712.7598,17929.9902,17929.9902,133030000,0.013298375782410998,1
2016-07-01,17924.2402,17949.3691,17949.3691,82160000,0.0010808092912397704,1
2016-07-05,17904.4492,17840.6191,17840.6191,103650000,-0.006058708770995236,0
2016-07-06,17807.4707,17918.6191,17918.6191,93000000,0.004372045586691575,1
2016-07-07,17924.2402,17895.8809,17895.8809,81570000,-0.001268970553651605,0
2016-07-08,17971.2207,18146.7402,18146.7402,93460000,0.014017711751758588,1
2016-07-11,18161.5293,18226.9297,18226.9297,80880000,0.004418947927628425,1
2016-07-12,18259.1191,18347.6699,18347.6699,90170000,0.006624275288668047,1
2016-07-13,18356.7793,18372.1191,18372.1191,80920000,0.001332550679909339,1
2016-07-14,18414.3008,18506.4102,18506.4102,87050000,0.007309505194749155,1
2016-07-15,18508.8809,18516.5508,18516.5508,123690000,0.0005479506771119969,1
2016-07-18,18521.5508,18533.0508,18533.0508,75540000,0.0008910946848696977,1
2016-07-19,18503.1191,18559.0098,18559.0098,85840000,0.001400686820542285,1
2016-07-20,18582.6992,18595.0293,18595.0293,93230000,0.0019408093636545942,1
2016-07-21,18589.9609,18517.2305,18517.2305,86800000,-0.004183849282775598,0
2016-07-22,18524.1504,18570.8496,18570.8496,87710000,0.002895632799948089,1
2016-07-25,18554.4902,18493.0605,18493.0605,76810000,-0.004188774432807962,0
2016-07-26,18497.3691,18473.7500,18473.7500,85370000,-0.001044202499634883,0
2016-07-27,18473.2695,18472.1699,18472.1699,111370000,-8.553217403062252e-05,0
2016-07-28,18461.0098,18456.3496,18456.3496,85750000,-0.0008564397190824469,0
2016-07-29,18442.5195,18432.2402,18432.2402,111550000,-0.0013062929843938864,0
2016-08-01,18434.5000,18404.5098,18404.5098,83470000,-0.0015044508805825973,0
2016-08-02,18401.1504,18313.7695,18313.7695,89680000,-0.004930329630404073,0
2016-08-03,18313.0801,18355.0000,18355.0000,78550000,0.0022513388082121555,1
2016-08-04,18351.4297,18352.0508,18352.0508,64500000,-0.00016067556524101967,0
2016-08-05,18402.8008,18543.5293,18543.5293,92420000,0.010433629575611114,1
2016-08-08,18541.8906,18529.2891,18529.2891,71810000,-0.0007679336424915029,0
2016-08-09,18538.0508,18533.0508,18533.0508,60090000,0.00020301372490316716,1
2016-08-10,18541.4805,18495.6602,18495.6602,62780000,-0.002017509173395382,0
2016-08-11,18519.0801,18613.5195,18613.5195,71470000,0.006372267803665732,1
2016-08-12,18595.6504,18576.4707,18576.4707,61580000,-0.0019904242182676724,0
2016-08-15,18588.5898,18636.0508,18636.0508,62350000,0.0032072884544209757,1
2016-08-16,18614.4805,18552.0195,18552.0195,67570000,-0.004509072276192905,0
2016-08-17,18537.0898,18573.9395,18573.9395,71000000,0.0011815425269470214,1
2016-08-18,18566.5391,18597.6992,18597.6992,70740000,0.0012791955093856,1
2016-08-19,18585.1699,18552.5703,18552.5703,93170000,-0.002426585112205726,0
2016-08-22,18535.8594,18529.4199,18529.4199,73450000,-0.001247827100269716,0
2016-08-23,18568.9395,18547.3008,18547.3008,73990000,0.0009650005286998553,1
2016-08-24,18537.5000,18481.4805,18481.4805,72270000,-0.0035487805319898147,0
2016-08-25,18471.2109,18448.4102,18448.4102,64480000,-0.001789375044926933,0
2016-08-26,18467.9199,18395.4004,18395.4004,78730000,-0.002873407487437585,0
2016-08-29,18421.2891,18502.9902,18502.9902,64480000,0.005848733795432937,1
2016-08-30,18491.2793,18454.3008,18454.3008,68920000,-0.0026314341343595116,0
2016-08-31,18436.6992,18400.8809,18400.8809,98250000,-0.0028947127598570876,0
2016-09-01,18396.5703,18419.3008,18419.3008,74780000,0.0010010335972556739,1
2016-09-02,18466.0098,18491.9609,18491.9609,74350000,0.0039447805749497356,1
2016-09-06,18493.4004,18538.1191,18538.1191,83710000,0.002496122517758659,1
2016-09-07,18527.7109,18526.1406,18526.1406,67570000,-0.0006461550891644352,0
2016-09-08,18486.6895,18479.9102,18479.9102,79060000,-0.0024954145063543764,0
2016-09-09,18404.1699,18085.4492,18085.4492,120670000,-0.02134539593163176,0
2016-09-12,18028.9492,18325.0703,18325.0703,103260000,0.013249386141871433,1
2016-09-13,18262.9902,18066.7500,18066.7500,102830000,-0.01409655165142798,0
2016-09-14,18073.3906,18034.7695,18034.7695,103360000,-0.0017701302115765705,0
2016-09-15,18024.9102,18212.4805,18212.4805,99550000,0.00985379935130326,1
2016-09-16,18217.2109,18123.8008,18123.8008,278510000,-0.004869171994446364,0
2016-09-19,18154.8203,18120.1699,18120.1699,78090000,-0.0002003387722072647,0
2016-09-20,18175.3594,18129.9609,18129.9609,72450000,0.0005403370969494503,1
2016-09-21,18164.9609,18293.6992,18293.6992,94090000,0.009031365313093564,1
2016-09-22,18343.7598,18392.4609,18392.4609,73030000,0.005398673003216281,1
2016-09-23,18377.3594,18261.4492,18261.4492,87170000,-0.007123119669103062,0
2016-09-26,18217.7598,18094.8301,18094.8301,95510000,-0.009124089669728996,0
2016-09-27,18099.2109,18228.3008,18228.3008,84130000,0.00737617867989826,1
2016-09-28,18240.2207,18339.2402,18339.2402,97650000,0.006086107598136659,1
2016-09-29,18322.8809,18143.4492,18143.4492,95880000,-0.010676069339012217,0
2016-09-30,18181.8008,18308.1504,18308.1504,135470000,0.009077722663670684,1
2016-10-03,18279.5996,18253.8496,18253.8496,68520000,-0.0029659358708347128,0
2016-10-04,18267.6797,18168.4492,18168.4492,79710000,-0.004678487106632101,0
2016-10-05,18205.5000,18281.0293,18281.0293,76190000,0.0061964617211247575,1
2016-10-06,18280.4199,18268.5000,18268.5000,78660000,-0.0006853716929384746,0
2016-10-07,18295.3496,18240.4902,18240.4902,82680000,-0.0015332293291731025,0
2016-10-10,18282.9492,18329.0391,18329.0391,72110000,0.00485452413992693,1
2016-10-11,18308.4297,18128.6602,18128.6602,88610000,-0.010932318868805524,0
2016-10-12,18132.6309,18144.1992,18144.1992,72230000,0.0008571510430759322,1
2016-10-13,18088.3203,18098.9395,18098.9395,83160000,-0.002494444615665281,0
2016-10-14,18177.3496,18138.3809,18138.3809,87050000,0.002179210555403044,1
2016-10-17,18135.8496,18086.4004,18086.4004,75960000,-0.0028657739787568692,0
2016-10-18,18145.0605,18161.9395,18161.9395,74600000,0.004176569042450451,1
2016-10-19,18178.2109,18202.6191,18202.6191,88040000,0.002239826864306016,1
2016-10-20,18161.8691,18162.3496,18162.3496,88830000,-0.002212291526772603,0
2016-10-21,18152.6309,18145.7109,18145.7109,117810000,-0.0009161094443420614,0
2016-10-24,18197.1406,18223.0293,18223.0293,88540000,0.004260973870139129,1
2016-10-25,18206.5195,18169.2695,18169.2695,83190000,-0.0029501022642816066,0
2016-10-26,18103.8008,18199.3301,18199.3301,86340000,0.0016544748813374088,1
2016-10-27,18234.8105,18169.6797,18169.6797,83530000,-0.0016292028243390932,0
2016-10-28,18193.7891,18161.1895,18161.1895,107850000,-0.0004672729591375102,0
2016-10-31,18176.5996,18142.4199,18142.4199,110080000,-0.0010335005865116376,0
2016-11-01,18158.2402,18037.0996,18037.0996,101280000,-0.005805195810730801,0
2016-11-02,18017.7207,17959.6406,17959.6406,88610000,-0.004294426582863831,0
2016-11-03,17978.7500,17930.6699,17930.6699,77860000,-0.0016131002086978707,0
2016-11-04,17928.3496,17888.2793,17888.2793,97760000,-0.0023641392227070623,0
2016-11-07,17994.6406,18259.5996,18259.5996,93450000,0.020757742752820496,1
2016-11-08,18251.3809,18332.7402,18332.7402,79820000,0.004005597143543094,1
2016-11-09,18317.2598,18589.6895,18589.6895,173110000,0.014015869815249937,1
2016-11-10,18603.1406,18807.8809,18807.8809,164390000,0.011737226703006476,1
2016-11-11,18781.6504,18847.6602,18847.6602,107300000,0.0021150335974320367,1
2016-11-14,18876.7695,18868.6895,18868.6895,112250000,0.0011157512273063386,1
2016-11-15,18858.2109,18923.0605,18923.0605,100660000,0.002881546172032623,1
2016-11-16,18909.8496,18868.1406,18868.1406,87320000,-0.0029022736570546437,0
2016-11-17,18866.2207,18903.8203,18903.8203,89940000,0.0018910024446181506,1
2016-11-18,18905.3301,18867.9297,18867.9297,109880000,-0.0018985897787019423,0
2016-11-21,18898.6797,18956.6895,18956.6895,80520000,0.004704268110560017,1
2016-11-22,18970.3906,19023.8691,19023.8691,85310000,0.0035438466194215312,1
2016-11-23,19015.5195,19083.1797,19083.1797,77880000,0.0031176938659656095,1
2016-11-25,19093.7207,19152.1406,19152.1406,45890000,0.003613700708378076,1
2016-11-28,19122.1406,19097.9004,19097.9004,88460000,-0.002832069852285901,0
2016-11-29,19064.0703,19121.5996,19121.5996,81510000,0.0012409322231046183,1
2016-11-30,19135.6406,19123.5801,19123.5801,164570000,0.00010357397087212838,1
2016-12-01,19149.1992,19191.9297,19191.9297,108800000,0.0035741006465626057,1
2016-12-02,19161.2500,19170.4199,19170.4199,84920000,-0.0011207731758208217,0
2016-12-05,19244.3496,19216.2402,19216.2402,317800000,0.0023901563053398966,1
2016-12-06,19219.9102,19251.7793,19251.7793,284960000,0.0018494304624687707,1
2016-12-07,19241.9902,19549.6191,19549.6191,385200000,0.015470767421482012,1
2016-12-08,19559.9395,19614.8105,19614.8105,324570000,0.0033346634359745497,1
2016-12-09,19631.3496,19756.8496,19756.8496,334470000,0.007241420966060508,1
2016-12-12,19770.1992,19796.4297,19796.4297,333660000,0.0020033609002114705,1
2016-12-13,19852.2109,19911.2109,19911.2109,388420000,0.005798075801516811,1
2016-12-14,19876.1309,19792.5293,19792.5293,408430000,-0.005960541556013554,0
2016-12-15,19811.5000,19852.2402,19852.2402,357350000,0.003016840298425194,1
2016-12-16,19909.0098,19843.4102,19843.4102,573470000,-0.00044478607507492107,0
2016-12-19,19836.6602,19883.0605,19883.0605,302310000,0.0019981595703746358,1
2016-12-20,19920.5898,19974.6191,19974.6191,284080000,0.004604854468958752,1
2016-12-21,19968.9707,19941.9609,19941.9609,256640000,-0.0016349848693736346,0
2016-12-22,19922.6797,19918.8809,19918.8809,258290000,-0.0011573586025834803,0
2016-12-23,19908.6094,19933.8105,19933.8105,158260000,0.0007495200194704843,1
2016-12-27,19943.4609,19945.0391,19945.0391,158540000,0.0005632942080995296,1
2016-12-28,19964.3105,19833.6797,19833.6797,188350000,-0.005583313195911543,0
2016-12-29,19835.4609,19819.7793,19819.7793,172040000,-0.0007008482646819747,0
2016-12-30,19833.1699,19762.5996,19762.5996,271910000,-0.002884981670809861,0
2017-01-03,19872.8594,19881.7598,19881.7598,339180000,0.006029581250029503,1
2017-01-04,19890.9395,19942.1602,19942.1602,280010000,0.003037980571518606,1
2017-01-05,19924.5605,19899.2891,19899.2891,269920000,-0.002149772119471649,0
2017-01-06,19906.9609,19963.8008,19963.8008,277700000,0.0032419097825961973,1
2017-01-09,19931.4102,19887.3809,19887.3809,287510000,-0.0038279233882158037,0
2017-01-10,19876.3496,19855.5293,19855.5293,299410000,-0.0016015985292463508,0
2017-01-11,19887.3809,19954.2793,19954.2793,336150000,0.004973425714720259,1
2017-01-12,19926.2109,19891.0000,19891.0000,306290000,-0.003171214507356246,0
2017-01-13,19912.5391,19885.7305,19885.7305,263780000,-0.00026491880750079133,0
2017-01-17,19848.8203,19826.7695,19826.7695,341900000,-0.0029649903985172754,0
2017-01-18,19822.7305,19804.7207,19804.7207,279760000,-0.0011120722415215445,0
2017-01-19,19813.5508,19732.4004,19732.4004,301750000,-0.0036516697758833816,0
2017-01-20,19795.0605,19827.2500,19827.2500,435260000,0.004806794818536186,1
2017-01-23,19794.7891,19799.8496,19799.8496,326690000,-0.0013819566505691716,0
2017-01-24,19794.6797,19912.7109,19912.7109,374460000,0.0057001089543629035,1
2017-01-25,19994.4805,20068.5098,20068.5098,372240000,0.007824092901383972,1
2017-01-26,20076.2500,20100.9102,20100.9102,356730000,0.0016144895820813243,1
2017-01-27,20103.3594,20093.7793,20093.7793,343130000,-0.0003547550796978438,0
2017-01-30,20028.6191,19971.1309,19971.1309,317280000,-0.006103799497787721,0
2017-01-31,19913.1602,19864.0898,19864.0898,373750000,-0.005359791618009924,0
2017-02-01,19923.8105,19890.9395,19890.9395,426670000,0.0013516702889653232,1
2017-02-02,19858.3398,19884.9102,19884.9102,347220000,-0.0003031179095387415,0
2017-02-03,19964.2109,20071.4609,20071.4609,344220000,0.00938152086801991,1
2017-02-06,20025.6094,20052.4199,20052.4199,281720000,-0.0009486603937234328,0
2017-02-07,20107.6191,20090.2891,20090.2891,279670000,0.0018885102241450458,1
2017-02-08,20049.2891,20054.3398,20054.3398,280410000,-0.001789386893392253,0
2017-02-09,20061.7305,20172.4004,20172.4004,325310000,0.005887034984816353,1
2017-02-10,20211.2305,20269.3691,20269.3691,312230000,0.00480699857613387,1
2017-02-13,20338.5391,20412.1602,20412.1602,314620000,0.0070446741235767885,1
2017-02-14,20374.2207,20504.4102,20504.4102,356580000,0.004519364883291521,1
2017-02-15,20504.2695,20611.8594,20611.8594,384380000,0.0052402970361957735,1
2017-02-16,20627.3105,20619.7695,20619.7695,354120000,0.00038376450404076223,1
2017-02-17,20564.1309,20624.0508,20624.0508,340620000,0.00020763083699848472,1
2017-02-21,20663.4297,20743.0000,20743.0000,336880000,0.005767499370201268,1
2017-02-22,20715.4102,20775.5996,20775.5996,310530000,0.0015715952369474984,1
2017-02-23,20817.2109,20810.3203,20810.3203,302110000,0.0016712249306152227,1
2017-02-24,20751.9102,20821.7598,20821.7598,292540000,0.0005497032162451454,1
2017-02-27,20808.7109,20837.4395,20837.4395,256540000,0.0007530439381977505,1
2017-02-28,20833.8809,20812.2402,20812.2402,339210000,-0.0012093280462793787,0
2017-03-01,20957.2891,21115.5508,21115.5508,392820000,0.014573664203625825,1
2017-03-02,21128.9102,21002.9707,21002.9707,319910000,-0.005331620333578924,0
2017-03-03,21008.7500,21005.7109,21005.7109,254420000,0.0001304672581388111,1
2017-03-06,20955.7109,20954.3398,20954.3398,266620000,-0.002445577788086073,0
2017-03-07,20934.8906,20924.7598,20924.7598,274630000,-0.0014116407523372398,0
2017-03-08,20940.4395,20855.7305,20855.7305,296780000,-0.0032989291470861826,0
2017-03-09,20864.3203,20858.1895,20858.1895,275960000,0.00011790524431631866,1
2017-03-10,20919.0098,20902.9805,20902.9805,315430000,0.0021474059385644395,1
2017-03-13,20899.2793,20881.4805,20881.4805,289260000,-0.0010285614532339338,0
2017-03-14,20848.5996,20837.3691,20837.3691,246820000,-0.002112465157822596,0
2017-03-15,20874.7793,20950.0996,20950.0996,306590000,0.005410015989014694,1
2017-03-16,20969.2695,20934.5508,20934.5508,264360000,-0.0007421826290506806,0
2017-03-17,20965.3691,20914.6191,20914.6191,535280000,-0.0009520959007155438,0
2017-03-20,20916.2695,20905.8594,20905.8594,253610000,-0.00041883143834064995,0
2017-03-21,20956.3301,20668.0098,20668.0098,369320000,-0.011377173999362222,0
2017-03-22,20640.4199,20661.3008,20661.3008,325090000,-0.0003246079358835141,0
2017-03-23,20645.0703,20656.5801,20656.5801,280050000,-0.00022848029006972137,0
2017-03-24,20674.4492,20596.7207,20596.7207,292980000,-0.0028978368979867275,0
2017-03-27,20488.3496,20550.9805,20550.9805,269380000,-0.002220751578186908,0
2017-03-28,20542.1406,20701.5000,20701.5000,299670000,0.007324200419537075,1
2017-03-29,20675.7500,20659.3203,20659.3203,238320000,-0.0020375190203608673,0
2017-03-30,20662.7891,20728.4902,20728.4902,270900000,0.0033481207995018636,1
2017-03-31,20700.3398,20663.2207,20663.2207,303770000,-0.003148782152980867,0
2017-04-03,20665.1699,20650.2109,20650.2109,285670000,-0.0006296114332265956,0
2017-04-04,20634.9395,20689.2402,20689.2402,237390000,0.0018900194380098156,1
2017-04-05,20745.0605,20648.1504,20648.1504,284980000,-0.001986046834141386,0
2017-04-06,20653.7695,20662.9492,20662.9492,251720000,0.0007167131056931009,1
2017-04-07,20647.8105,20656.0996,20656.0996,219730000,-0.0003314918859693705,0
2017-04-10,20668.2207,20658.0195,20658.0195,230480000,9.294591124042739e-05,1
2017-04-11,20644.3203,20651.3008,20651.3008,255120000,-0.00032523446887045004,0
2017-04-12,20637.9492,20591.8594,20591.8594,267670000,-0.0028783368454929903,0
2017-04-13,20561.6895,20453.2500,20453.2500,235810000,-0.006731271679137452,0
2017-04-17,20484.7500,20636.9199,20636.9199,229240000,0.008979986065784207,1
2017-04-18,20561.3906,20523.2793,20523.2793,263180000,-0.005506664780920212,0
2017-04-19,20503.5195,20404.4902,20404.4902,294790000,-0.005788017512386445,0
2017-04-20,20406.6797,20578.7109,20578.7109,312440000,0.00853835103412659,1
2017-04-21,20578.0996,20547.7598,20547.7598,369600000,-0.0015040349296125965,0
2017-04-24,20723.5898,20763.8906,20763.8906,342400000,0.010518460508770255,1
2017-04-25,20915.5098,20996.1191,20996.1191,348180000,0.011184247907759737,1
2017-04-26,21009.9492,20975.0898,20975.0898,328550000,-0.0010015803349104901,0
2017-04-27,20991.1191,20981.3301,20981.3301,305690000,0.0002975100492774718,1
2017-04-28,20987.3906,20940.5098,20940.5098,329990000,-0.0019455534899571747,0
2017-05-01,20962.7305,20913.4609,20913.4609,288160000,-0.001291702076899881,0
2017-05-02,20941.1895,20949.8906,20949.8906,338810000,0.0017419259382362995,1
2017-05-03,20915.0000,20957.9004,20957.9004,310920000,0.00038233135212650815,1
2017-05-04,20987.8301,20951.4707,20951.4707,274720000,-0.000306791227999037,0
2017-05-05,20929.0391,21006.9395,21006.9395,260960000,0.0026474895626300565,1
2017-05-08,20991.2598,21012.2793,21012.2793,276150000,0.00025419219206090915,1
2017-05-09,21022.2793,20975.7793,20975.7793,273000000,-0.001737079518070228,0
2017-05-10,20958.4902,20943.1094,20943.1094,283340000,-0.0015575058991966761,0
2017-05-11,20925.7207,20919.4199,20919.4199,287680000,-0.0011311357615312323,0
2017-05-12,20893.1895,20896.6094,20896.6094,288500000,-0.0010903983049740384,0
2017-05-15,20923.6309,20981.9395,20981.9395,313170000,0.004083442359792633,1
2017-05-16,20984.4805,20979.7500,20979.7500,311580000,-0.00010435164966515753,0
2017-05-17,20846.1699,20606.9297,20606.9297,423200000,-0.01777048344236698,0
2017-05-18,20579.6504,20663.0195,20663.0195,422590000,0.0027218901998775635,1
2017-05-19,20698.2793,20804.8398,20804.8398,365180000,0.006863483819487426,1
2017-05-22,20867.7695,20894.8301,20894.8301,276120000,0.00432545027335407,1
2017-05-23,20908.6699,20937.9102,20937.9102,244950000,0.002061758807983871,1
2017-05-24,20949.2109,21012.4199,21012.4199,283180000,0.003558602519940335,1
2017-05-25,21062.9609,21082.9492,21082.9492,268970000,0.0033565529499055557,1
2017-05-26,21070.1504,21080.2793,21080.2793,208000000,-0.00012663788043476565,0
2017-05-30,21045.4902,21029.4707,21029.4707,242810000,-0.0024102432077357516,0
2017-05-31,21048.4609,21008.6504,21008.6504,371580000,-0.000990053449134276,0
2017-06-01,21030.5508,21144.1797,21144.1797,276730000,0.006451118821035884,1
2017-06-02,21142.0898,21206.2891,21206.2891,329700000,0.002937423011023732,1
2017-06-05,21195.0293,21184.0391,21184.0391,269790000,-0.0010492170457112593,0
2017-06-06,21145.4805,21136.2305,21136.2305,283550000,-0.002256821740854953,0
2017-06-07,21171.5703,21173.6895,21173.6895,273400000,0.0017722649268041568,1
2017-06-08,21169.7598,21182.5293,21182.5293,330330000,0.00041748982859113326,1
2017-06-09,21208.9609,21271.9707,21271.9707,397200000,0.004222413609502373,1
2017-06-12,21259.9492,21235.6699,21235.6699,528080000,-0.0017065085558810589,0
2017-06-13,21256.8301,21328.4707,21328.4707,323510000,0.004370043442802007,1
2017-06-14,21342.7109,21374.5605,21374.5605,295090000,0.002160951933604771,1
2017-06-15,21291.6895,21359.9004,21359.9004,317200000,-0.0006858667339616487,0
2017-06-16,21335.9297,21384.2793,21384.2793,603260000,0.0011413395916397562,1
2017-06-19,21444.7500,21528.9902,21528.9902,289400000,0.006767162828817064,1
2017-06-20,21521.2500,21467.1406,21467.1406,310200000,-0.002872851881366989,0
2017-06-21,21466.3906,21410.0293,21410.0293,292500000,-0.0026604055502389423,0
2017-06-22,21407.9805,21397.2891,21397.2891,270680000,-0.0005950575695847782,0
2017-06-23,21380.9199,21394.7598,21394.7598,368400000,-0.00011820656290528753,0
2017-06-26,21434.6797,21409.5508,21409.5508,241880000,0.0006913375115340514,1
2017-06-27,21411.1895,21310.6602,21310.6602,292170000,-0.004618994621783612,0
2017-06-28,21372.3594,21454.6094,21454.6094,271510000,0.006754797770178955,1
2017-06-29,21487.3809,21287.0293,21287.0293,336750000,-0.007810913583912726,0
2017-06-30,21348.5996,21349.6309,21349.6309,313260000,0.002940833082801353,1
2017-07-03,21392.3008,21479.2695,21479.2695,186810000,0.006072170549796141,1
2017-07-05,21492.8301,21478.1699,21478.1699,273690000,-5.119354734095527e-05,0
2017-07-06,21423.9297,21320.0391,21320.0391,320450000,-0.0073623963650645274,0
2017-07-07,21354.6602,21414.3398,21414.3398,242240000,0.0044231016443117,1
2017-07-10,21381.2305,21408.5195,21408.5195,270340000,-0.00027179451033099156,0
2017-07-11,21410.1699,21409.0703,21409.0703,247570000,2.5728075218056645e-05,1
2017-07-12,21467.9297,21532.1406,21532.1406,267870000,0.00574851211544658,1
2017-07-13,21537.1895,21553.0898,21553.0898,232270000,0.0009729269555300846,1
2017-07-14,21532.7695,21637.7402,21637.7402,235590000,0.003927529685326059,1
2017-07-17,21633.9707,21629.7207,21629.7207,244780000,-0.00037062557946776487,0
2017-07-18,21589.9395,21574.7305,21574.7305,251110000,-0.002542344432584387,0
2017-07-19,21569.2500,21640.7500,21640.7500,253040000,0.0030600382238841206,1
2017-07-20,21641.5391,21611.7793,21611.7793,313950000,-0.0013387105345240569,0
2017-07-21,21591.7207,21580.0703,21580.0703,362830000,-0.0014672091344185567,0
2017-07-24,21577.7793,21513.1699,21513.1699,284080000,-0.0031001011150552094,0
2017-07-25,21638.5605,21613.4297,21613.4297,304300000,0.004660391772390637,1
2017-07-26,21690.3809,21711.0098,21711.0098,278240000,0.00451479017233436,1
2017-07-27,21717.4199,21796.5508,21796.5508,407320000,0.003939982561290245,1
2017-07-28,21787.5098,21830.3105,21830.3105,285630000,0.0015488551518894056,1
2017-07-31,21863.3906,21891.1191,21891.1191,307610000,0.0027855123728084408,1
2017-08-01,21961.4199,21963.9199,21963.9199,328410000,0.0033255860363941014,1
2017-08-02,22004.3594,22016.2402,22016.2402,336820000,0.0023821021128382913,1
2017-08-03,22007.5801,22026.0996,22026.0996,278730000,0.00044782396587406126,1
2017-08-04,22058.3906,22092.8105,22092.8105,253640000,0.003028720527532558,1
2017-08-07,22100.1992,22118.4199,22118.4199,213010000,0.0011591734786300378,1
2017-08-08,22095.1406,22085.3398,22085.3398,262000000,-0.00149559055979398,0
2017-08-09,22022.3398,22048.6992,22048.6992,277800000,-0.0016590462420688068,0
2017-08-10,21988.1992,21844.0098,21844.0098,303310000,-0.009283513650546804,0
2017-08-11,21883.3203,21858.3203,21858.3203,237790000,0.0006551223942410367,1
2017-08-14,21945.6406,21993.7109,21993.7109,235030000,0.0061940075056909905,1
2017-08-15,22029.9102,21998.9902,21998.9902,269070000,0.00024003680070205924,1
2017-08-16,22031.9297,22024.8691,22024.8691,264920000,0.0011763676316378646,1
2017-08-17,21984.7402,21750.7305,21750.7305,311030000,-0.012446775449848069,0
2017-08-18,21724.8809,21674.5098,21674.5098,309070000,-0.0035042823044495464,0
2017-08-21,21671.3594,21703.7500,21703.7500,277880000,0.0013490593452776256,1
2017-08-22,21739.7793,21899.8906,21899.8906,244980000,0.009037175603294312,1
2017-08-23,21850.2695,21812.0898,21812.0898,234810000,-0.00400918897740965,0
2017-08-24,21839.9004,21783.4004,21783.4004,228480000,-0.0013152980875772435,0
2017-08-25,21819.0801,21813.6699,21813.6699,217570000,0.001389567259664437,1
2017-08-28,21832.5000,21808.4004,21808.4004,218740000,-0.00024156870550251508,0
2017-08-29,21718.0000,21865.3691,21865.3691,227340000,0.0026122365214829024,1
2017-08-30,21859.7598,21892.4297,21892.4297,242840000,0.001237600878185141,1
2017-08-31,21936.0098,21948.0996,21948.0996,376790000,0.0025428835795233695,1
2017-09-01,21981.7695,21987.5605,21987.5605,256240000,0.0017979187592167545,1
2017-09-05,21912.3691,21753.3105,21753.3105,332840000,-0.010653751242662879,0
2017-09-06,21815.7598,21807.6406,21807.6406,318760000,0.002497555487014136,1
2017-09-07,21820.3809,21784.7793,21784.7793,333810000,-0.0010483160658838475,0
2017-09-08,21764.4297,21797.7891,21797.7891,289400000,0.0005971967776603471,1
2017-09-11,21927.7891,22057.3691,22057.3691,312770000,0.011908547183805851,1
2017-09-12,22090.5605,22118.8594,22118.8594,364580000,0.002787744074156162,1
2017-09-13,22103.4707,22158.1797,22158.1797,291890000,0.0017776820806592042,1
2017-09-14,22144.9609,22203.4805,22203.4805,297780000,0.002044427864261733,1
2017-09-15,22252.4395,22268.3398,22268.3398,527540000,0.0029211321171020987,1
2017-09-18,22297.9199,22331.3496,22331.3496,302740000,0.0028295688212913728,1
2017-09-19,22349.6992,22370.8008,22370.8008,295570000,0.0017666285605952847,1
2017-09-20,22351.3809,22412.5898,22412.5898,334560000,0.0018680153819079504,1
2017-09-21,22414.0195,22359.2305,22359.2305,287390000,-0.0023807735061478486,0
2017-09-22,22334.0703,22349.5898,22349.5898,297140000,-0.00043117315687590807,0
2017-09-25,22320.4707,22296.0898,22296.0898,332430000,-0.0023937799520598046,0
2017-09-26,22322.0293,22284.3203,22284.3203,285990000,-0.0005278728290735168,0
2017-09-27,22330.9297,22340.7109,22340.7109,342900000,0.0025305057206523873,1
2017-09-28,22306.8301,22381.1992,22381.1992,263010000,0.0018123102788103473,1
2017-09-29,22358.4707,22405.0898,22405.0898,274790000,0.0010674405686001975,1
2017-10-02,22423.4707,22557.5996,22557.5996,268530000,0.006806926522561874,1
2017-10-03,22564.4492,22641.6699,22641.6699,238830000,0.003726916936676261,1
2017-10-04,22645.6699,22661.6406,22661.6406,235730000,0.0008820329988115105,1
2017-10-05,22669.0801,22775.3906,22775.3906,246400000,0.005019495366985982,1
2017-10-06,22762.0293,22773.6699,22773.6699,221450000,-7.555084477883778e-05,0
2017-10-09,22779.7305,22761.0703,22761.0703,310770000,-0.0005532529476068859,0
2017-10-10,22784.7598,22830.6797,22830.6797,319270000,0.0030582656739126524,1
2017-10-11,22827.6504,22872.8906,22872.8906,316000000,0.0018488674255281445,1
2017-10-12,22854.8496,22841.0098,22841.0098,291790000,-0.0013938247053041364,0
2017-10-13,22876.4297,22871.7207,22871.7207,259560000,0.001344550887588225,1
2017-10-16,22892.9199,22956.9609,22956.9609,247180000,0.003726881816985328,1
2017-10-17,22952.4102,22997.4395,22997.4395,273090000,0.0017632386175299164,1
2017-10-18,23087.1309,23157.5996,23157.5996,271870000,0.006964257912277727,1
2017-10-19,23107.4707,23163.0391,23163.0391,350400000,0.0002348904935725038,1
2017-10-20,23205.1797,23328.6309,23328.6309,474380000,0.007148966907369214,1
2017-10-23,23348.9492,23273.9609,23273.9609,456830000,-0.0023434722866656488,0
2017-10-24,23346.7793,23441.7598,23441.7598,406850000,0.007209726815344153,1
2017-10-25,23431.0898,23329.4609,23329.4609,399560000,-0.004790549044018544,0
2017-10-26,23380.8906,23400.8594,23400.8594,370600000,0.00306044362988267,1
2017-10-27,23419.1602,23434.1895,23434.1895,518870000,0.0014243109379137309,1
2017-10-30,23405.7500,23348.7402,23348.7402,436900000,-0.0036463518399046935,0
2017-10-31,23369.2207,23377.2402,23377.2402,388050000,0.0012206226012998478,1
2017-11-01,23442.9004,23435.0098,23435.0098,361260000,0.002471189905470572,1
2017-11-02,23463.2402,23516.2598,23516.2598,348040000,0.003467035034053989,1
2017-11-03,23549.5898,23539.1895,23539.1895,312250000,0.0009750572665472301,1
2017-11-06,23533.9609,23548.4199,23548.4199,325190000,0.0003921290493031915,1
2017-11-07,23574.0293,23557.2305,23557.2305,285080000,0.0003741482459296286,1
2017-11-08,23542.5996,23563.3594,23563.3594,264670000,0.0002601706512146418,1
2017-11-09,23492.0898,23461.9395,23461.9395,305440000,-0.004304135852547408,0
2017-11-10,23432.7109,23422.2109,23422.2109,351280000,-0.0016933212192453695,0
2017-11-13,23367.4707,23439.6992,23439.6992,491260000,0.0007466545355032661,1
2017-11-14,23388.4004,23409.4707,23409.4707,561330000,-0.0012896283242405104,0
2017-11-15,23334.5898,23271.2793,23271.2793,404300000,-0.0059032261673478414,0
2017-11-16,23365.3398,23458.3594,23458.3594,402020000,0.00803909822009663,1
2017-11-17,23433.7695,23358.2402,23358.2402,386000000,-0.004267954049676725,0
2017-11-20,23370.7109,23430.3301,23430.3301,315330000,0.003086272740700613,1
2017-11-21,23500.1504,23590.8301,23590.8301,329650000,0.00685009555200411,1
2017-11-22,23597.2402,23526.1797,23526.1797,268760000,-0.0027404885595779804,0
2017-11-24,23552.7500,23557.9902,23557.9902,118610000,0.0013521319825675615,1
2017-11-27,23552.8594,23580.7793,23580.7793,296320000,0.0009673618083090307,1
2017-11-28,23625.1895,23836.7109,23836.7109,319240000,0.010853398725461094,1
2017-11-29,23883.2598,23940.6797,23940.6797,401410000,0.004361709148387627,1
2017-11-30,24013.8008,24272.3496,24272.3496,488200000,0.013853821368321473,1
2017-12-01,24305.4004,24231.5898,24231.5898,417910000,-0.001679268825297453,0
2017-12-04,24424.1094,24290.0508,24290.0508,424250000,0.0024125944885382555,1
2017-12-05,24335.0098,24180.6406,24180.6406,371190000,-0.0045043215800932845,0
2017-12-06,24171.9004,24140.9102,24140.9102,312720000,-0.0016430664785613835,0
2017-12-07,24116.5996,24211.4805,24211.4805,319060000,0.0029232659172893083,1
2017-12-08,24263.2598,24329.1602,24329.1602,293590000,0.004860491699381964,1
2017-12-11,24338.1094,24386.0293,24386.0293,300580000,0.002337487177218822,1
2017-12-12,24452.9609,24504.8008,24504.8008,342220000,0.004870473111422191,1
2017-12-13,24525.1895,24585.4297,24585.4297,325280000,0.003290330766532845,1
2017-12-14,24631.0098,24508.6602,24508.6602,314780000,-0.003122560839357691,0
2017-12-15,24585.7109,24651.7402,24651.7402,635740000,0.005837936420531209,1
2017-12-18,24739.5605,24792.1992,24792.1992,354880000,0.005697731635188941,1
2017-12-19,24834.3809,24754.7500,24754.7500,335330000,-0.0015105235198336064,0
2017-12-20,24838.0898,24726.6504,24726.6504,341790000,-0.0011351195225158817,0
2017-12-21,24778.2598,24782.2891,24782.2891,339530000,0.002250151116303334,1
2017-12-22,24764.0391,24754.0605,24754.0605,255140000,-0.0011390634612523654,0
2017-12-26,24715.8398,24746.2109,24746.2109,208290000,-0.0003171035313580539,0
2017-12-27,24766.5195,24774.3008,24774.3008,225890000,0.0011351192355675277,1
2017-12-28,24807.2109,24837.5098,24837.5098,200960000,0.0025513939025072485,1
2017-12-29,24849.6309,24719.2207,24719.2207,270760000,-0.00476251850336451,0
2018-01-02,24809.3496,24824.0098,24824.0098,341130000,0.004239174902467724,1
2018-01-03,24850.4492,24922.6797,24922.6797,456790000,0.0039747768710598486,1
2018-01-04,24964.8594,25075.1309,25075.1309,403280000,0.006116966627790044,1
2018-01-05,25114.9199,25295.8691,25295.8691,358020000,0.008803072689044233,1
2018-01-08,25308.4004,25283.0000,25283.0000,341390000,-0.0005087431449429802,0
2018-01-09,25312.0508,25385.8008,25385.8008,333490000,0.004066004825376668,1
2018-01-10,25348.1309,25369.1309,25369.1309,341470000,-0.0006566623653645465,0
2018-01-11,25398.5996,25574.7305,25574.7305,346830000,0.008104321776352341,1
2018-01-12,25638.3906,25803.1895,25803.1895,376390000,0.008932997358466643,1
2018-01-16,25987.6191,25792.8594,25792.8594,606520000,-0.00040034198097871343,0
2018-01-17,25910.7793,26115.6504,26115.6504,522720000,0.012514742743101825,1
2018-01-18,26149.5508,26017.8105,26017.8105,492780000,-0.00374640870518006,0
2018-01-19,25987.3496,26071.7207,26071.7207,585000000,0.0020720498367841067,1
2018-01-22,26025.3203,26214.5996,26214.5996,431200000,0.005480225169794739,1
2018-01-23,26214.8691,26210.8105,26210.8105,433490000,-0.00014454159353249896,0
2018-01-24,26282.0703,26252.1191,26252.1191,518790000,0.0015760138359703912,1
2018-01-25,26313.0605,26392.7891,26392.7891,401390000,0.005358424569999798,1
2018-01-26,26466.7402,26616.7109,26616.7109,477780000,0.00848420374033143,1
2018-01-29,26584.2793,26439.4805,26439.4805,421000000,-0.006658613856004192,0
2018-01-30,26198.4492,26076.8906,26076.8906,448330000,-0.013713957049950487,0
2018-01-31,26268.1699,26149.3906,26149.3906,479130000,0.002780239450787869,1
2018-02-01,26083.0391,26186.7109,26186.7109,410620000,0.0014271957832929782,1
2018-02-02,26061.7891,25520.9609,25520.9609,522880000,-0.025423200437134752,0
2018-02-05,25337.8691,24345.7500,24345.7500,714450000,-0.04604884998667891,0
2018-02-06,24085.1699,24912.7695,24912.7695,823940000,0.023290286805705218,1
2018-02-07,24892.8691,24893.3496,24893.3496,504620000,-0.000779515902477157,0
2018-02-08,24902.3008,23860.4609,23860.4609,657500000,-0.04149255590738188,0
2018-02-09,23992.6699,24190.9004,24190.9004,735030000,0.0138488313945353,1
2018-02-12,24337.7598,24601.2695,24601.2695,496610000,0.01696377948792671,1
2018-02-13,24540.3301,24640.4492,24640.4492,374410000,0.0015925885450749355,1
2018-02-14,24535.8203,24893.4902,24893.4902,431160000,0.010269333888604626,1
2018-02-15,25047.8203,25200.3691,25200.3691,416780000,0.012327676735341742,1
2018-02-16,25165.9395,25219.3809,25219.3809,406730000,0.000754425457998531,1
2018-02-20,25124.9102,24964.7500,24964.7500,421510000,-0.01009663563945773,0
2018-02-21,24988.0605,24797.7793,24797.7793,456070000,-0.006688258444406681,0
2018-02-22,24855.4102,24962.4805,24962.4805,378900000,0.006641772152557346,1
2018-02-23,25050.5098,25309.9902,25309.9902,335420000,0.013921280779768619,1
2018-02-26,25403.3496,25709.2695,25709.2695,473360000,0.015775561224832035,1
2018-02-27,25735.7793,25410.0293,25410.0293,438390000,-0.01163938944278442,0
2018-02-28,25485.1504,25029.1992,25029.1992,451870000,-0.014987393186516318,0
2018-03-01,25024.0391,24608.9805,24608.9805,506280000,-0.016789138823106953,0
2018-03-02,24394.9102,24538.0605,24538.0605,437130000,-0.0028818747692535007,0
2018-03-05,24471.3105,24874.7598,24874.7598,383910000,0.01372151234202068,1
2018-03-06,24965.8906,24884.1191,24884.1191,331770000,0.00037625689957421216,1
2018-03-07,24758.1504,24801.3594,24801.3594,394070000,-0.0033258038859008687,0
2018-03-08,24853.4102,24895.2109,24895.2109,327300000,0.003784127252314917,1
2018-03-09,25004.8906,25335.7402,25335.7402,371570000,0.01769534316337129,1
2018-03-12,25372.4395,25178.6094,25178.6094,362580000,-0.006201942345461786,0
2018-03-13,25257.7500,25007.0293,25007.0293,447880000,-0.006814518517452517,0
2018-03-14,25086.9707,24758.1191,24758.1191,356830000,-0.009953609323759105,0
2018-03-15,24837.2891,24873.6602,24873.6602,316310000,0.004666796356109337,1
2018-03-16,24877.3398,24946.5098,24946.5098,654240000,0.002928784883858837,1
2018-03-19,24893.6895,24610.9102,24610.9102,377990000,-0.013452767649284603,0
2018-03-20,24650.6406,24727.2695,24727.2695,342510000,0.004727955977833043,1
2018-03-21,24723.4902,24682.3105,24682.3105,343230000,-0.0018181950902422805,0
2018-03-22,24526.0098,23957.8906,23957.8906,439280000,-0.02934976042862769,0
2018-03-23,23995.1797,23533.1992,23533.1992,482550000,-0.017726577313947667,0
2018-03-26,23825.7402,24202.5996,24202.5996,479540000,0.028444938332056635,1
2018-03-27,24276.6191,23857.7109,23857.7109,524480000,-0.014250068410006755,0
2018-03-28,23883.0801,23848.4199,23848.4199,530040000,-0.00038943384128264924,0
2018-03-29,23949.1797,24103.1094,24103.1094,463550000,0.010679512565945792,1
2018-04-02,24076.5996,23644.1895,23644.1895,509820000,-0.019039862964734366,0
2018-04-03,23698.3301,24033.3594,24033.3594,394130000,0.016459430762048255,1
2018-04-04,23654.1504,24264.3008,24264.3008,388540000,0.009609201783084886,1
2018-04-05,24313.9102,24505.2207,24505.2207,347790000,0.009928985878711272,1
2018-04-06,24373.5996,23932.7598,23932.7598,395990000,-0.02336077307804052,0
2018-04-09,24037.5195,23979.0996,23979.0996,380790000,0.0019362497424972869,1
2018-04-10,24198.9492,24408.0000,24408.0000,368590000,0.017886426394425614,1
2018-04-11,24274.1895,24189.4492,24189.4492,286360000,-0.008954064241232462,0
2018-04-12,24302.8203,24483.0508,24483.0508,336130000,0.01213758930897857,1
2018-04-13,24582.8203,24360.1406,24360.1406,331890000,-0.005020215862967636,0
2018-04-16,24483.1504,24573.0391,24573.0391,305070000,0.008739625254872374,1
2018-04-17,24681.7891,24786.6309,24786.6309,342410000,0.008692119811912091,1
2018-04-18,24820.8496,24748.0703,24748.0703,302030000,-0.0015557015455457401,0
2018-04-19,24711.3008,24664.8906,24664.8906,381110000,-0.0033610580134807444,0
2018-04-20,24657.3906,24462.9395,24462.9395,537770000,-0.008187796300219485,0
2018-04-23,24488.0703,24448.6895,24448.6895,351030000,-0.0005825138062415247,0
2018-04-24,24579.9395,24024.1309,24024.1309,468180000,-0.017365290683576284,0
2018-04-25,24070.1992,24083.8301,24083.8301,437100000,0.0024849681450911376,1
2018-04-26,24128.7207,24322.3398,24322.3398,390360000,0.009903312679489629,1
2018-04-27,24342.1406,24311.1895,24311.1895,392810000,-0.0004584386243958738,0
2018-04-30,24410.4102,24163.1504,24163.1504,416650000,-0.0060893400547102905,0
2018-05-01,24117.2891,24099.0508,24099.0508,380070000,-0.002652783223167643,0
2018-05-02,24097.6309,23924.9805,23924.9805,385350000,-0.007223118513862814,0
2018-05-03,23836.2305,23930.1504,23930.1504,389240000,0.0002160879504164992,1
2018-05-04,23865.2207,24262.5098,24262.5098,329480000,0.013888730093397195,1
2018-05-07,24317.6602,24357.3203,24357.3203,307670000,0.003907695484990592,1
2018-05-08,24341.3496,24360.2109,24360.2109,344940000,0.00011867479527283287,1
2018-05-09,24399.1797,24542.5391,24542.5391,361580000,0.00748467247465423,1
2018-05-10,24591.6602,24739.5293,24739.5293,304210000,0.008026480031155137,1
2018-05-11,24758.6406,24831.1699,24831.1699,274150000,0.0037042176061128362,1
2018-05-14,24879.3691,24899.4102,24899.4102,282860000,0.002748170959113727,1
2018-05-15,24809.5508,24706.4102,24706.4102,301900000,-0.00775118761648419,0
2018-05-16,24722.3203,24768.9297,24768.9297,280810000,0.0025304971258026665,1
2018-05-17,24752.4004,24713.9805,24713.9805,314650000,-0.0022184729282024307,0
2018-05-18,24707.7207,24715.0898,24715.0898,269700000,4.4885525421589634e-05,1
2018-05-21,24883.0605,25013.2891,25013.2891,308920000,0.01206547507668776,1
2018-05-22,25047.5508,24834.4102,24834.4102,288200000,-0.00715135459734495,0
2018-05-23,24757.7109,24886.8105,24886.8105,399610000,0.0021099876976342635,1
2018-05-24,24877.3594,24811.7598,24811.7598,347050000,-0.003015681740333842,0
2018-05-25,24781.2891,24753.0898,24753.0898,257210000,-0.0023646045453010744,0
2018-05-29,24606.5898,24361.4492,24361.4492,395810000,-0.0158218874154451,0
2018-05-30,24467.8301,24667.7793,24667.7793,324870000,0.01257437919579929,1
2018-05-31,24620.7891,24415.8398,24415.8398,429740000,-0.010213302824547243,0
2018-06-01,24542.0898,24635.2109,24635.2109,315710000,0.008984786179666804,1
2018-06-04,24727.5508,24813.6895,24813.6895,340400000,0.007244857806352423,1
2018-06-05,24820.1191,24799.9805,24799.9805,306340000,-0.000552477292826592,0
2018-06-06,24854.1406,25146.3906,25146.3906,316090000,0.013968160176577538,1
2018-06-07,25192.1406,25241.4102,25241.4102,357680000,0.0037786576018588036,1
2018-06-08,25209.2891,25316.5293,25316.5293,317510000,0.00297602627605964,1
2018-06-11,25336.6699,25322.3105,25322.3105,276740000,0.0002283567360870098,1
2018-06-12,25346.8203,25320.7305,25320.7305,265750000,-6.239557010401242e-05,0
2018-06-13,25328.6504,25201.1992,25201.1992,329700000,-0.004720689239198772,0
2018-06-14,25254.6504,25175.3105,25175.3105,341170000,-0.0010272804795733448,0
2018-06-15,25116.7109,25090.4805,25090.4805,659370000,-0.0033695711518632043,0
2018-06-18,24944.2793,24987.4707,24987.4707,337070000,-0.0041055331722323896,0
2018-06-19,24763.5898,24700.2109,24700.2109,376380000,-0.01149615355026723,0
2018-06-20,24771.1699,24657.8008,24657.8008,359520000,-0.0017169934366834116,0
2018-06-21,24639.2109,24461.6992,24461.6992,349570000,-0.007952923360464603,0
2018-06-22,24526.9707,24580.8906,24580.8906,473970000,0.004872572384505558,1
2018-06-25,24463.7305,24252.8008,24252.8008,439130000,-0.013347352028001747,0
2018-06-26,24281.8906,24283.1094,24283.1094,301130000,0.0012496948393687646,1
2018-06-27,24303.1094,24117.5898,24117.5898,313790000,-0.006816244051513376,0
2018-06-28,24064.1895,24216.0508,24216.0508,305020000,0.004082538960837656,1
2018-06-29,24323.9297,24271.4102,24271.4102,329070000,0.0022860622674278908,1
2018-07-02,24161.5293,24307.1797,24307.1797,244110000,0.001473729779409405,1
2018-07-03,24359.3906,24174.8203,24174.8203,160960000,-0.005445280021523891,0
2018-07-05,24285.8203,24356.7402,24356.7402,237670000,0.0075251810661856045,1
2018-07-06,24352.4707,24456.4805,24456.4805,219450000,0.004094977373039432,1
2018-07-09,24519.1992,24776.5898,24776.5898,240580000,0.013088935670854118,1
2018-07-10,24806.9707,24919.6602,24919.6602,235040000,0.005774418560216654,1
2018-07-11,24789.4805,24700.4492,24700.4492,237370000,-0.008796709033777272,0
2018-07-12,24802.9004,24924.8906,24924.8906,233150000,0.00908653110648694,1
2018-07-13,24926.0703,25019.4102,25019.4102,255520000,0.003792177125944818,1
2018-07-16,25025.5801,25064.3594,25064.3594,231270000,0.0017965731262523654,1
2018-07-17,25033.9199,25119.8906,25119.8906,250450000,0.0022155443557834165,1
2018-07-18,25133.7891,25199.2891,25199.2891,252870000,0.003160782077610058,1
2018-07-19,25139.1504,25064.5000,25064.5000,285760000,-0.0053489247043878585,0
2018-07-20,25041.1406,25058.1191,25058.1191,274080000,-0.00025457918570093163,0
2018-07-23,25036.9004,25044.2891,25044.2891,228820000,-0.0005519169234053933,0
2018-07-24,25092.4297,25241.9395,25241.9395,274940000,0.007892034755340616,1
2018-07-25,25183.6992,25414.0996,25414.0996,273670000,0.006820399042632985,1
2018-07-26,25468.5508,25527.0703,25527.0703,297530000,0.0044451978145232385,1
2018-07-27,25520.5195,25451.0605,25451.0605,329680000,-0.0029776154923661924,0
2018-07-30,25439.3203,25306.8301,25306.8301,296880000,-0.0056669701445249965,0
2018-07-31,25345.2109,25415.1895,25415.1895,348700000,0.004281824296911818,1
2018-08-01,25461.6309,25333.8203,25333.8203,315880000,-0.0032015972180731156,0
2018-08-02,25256.4492,25326.1602,25326.1602,307700000,-0.0003023665562197353,0
2018-08-03,25360.3691,25462.5801,25462.5801,239020000,0.005386521246122378,1
2018-08-06,25437.4297,25502.1797,25502.1797,238990000,0.0015552076751248478,1
2018-08-07,25551.6504,25628.9102,25628.9102,239910000,0.004969398753001508,1
2018-08-08,25615.7207,25583.7500,25583.7500,217770000,-0.0017620803868593216,0
2018-08-09,25589.7891,25509.2305,25509.2305,214970000,-0.002912766893047314,0
2018-08-10,25401.1895,25313.1406,25313.1406,234480000,-0.007687017450408895,0
2018-08-13,25327.1895,25187.6992,25187.6992,219990000,-0.004955584215417308,0
2018-08-14,25215.6895,25299.9199,25299.9199,219210000,0.004455377170774044,1
2018-08-15,25235.3691,25162.4102,25162.4102,295810000,-0.005435183215738215,0
2018-08-16,25294.9707,25558.7305,25558.7305,342430000,0.015750490388237948,1
2018-08-17,25550.8008,25669.3203,25669.3203,284160000,0.004326889396951694,1
2018-08-20,25727.6992,25758.6895,25758.6895,248570000,0.003481556930823748,1
2018-08-21,25786.9902,25822.2891,25822.2891,241620000,0.0024690541807261823,1
2018-08-22,25825.0605,25733.5996,25733.5996,200480000,-0.0034346102956457347,0
2018-08-23,25714.8594,25656.9805,25656.9805,213270000,-0.0029773953582459267,0
2018-08-24,25688.5801,25790.3496,25790.3496,200330000,0.005198160399272123,1
2018-08-27,25882.7109,26049.6406,26049.6406,220510000,0.010053799348264558,1
2018-08-28,26092.6992,26064.0195,26064.0195,211470000,0.0005519807440259594,1
2018-08-29,26082.5293,26124.5703,26124.5703,214960000,0.002323156641284685,1
2018-08-30,26099.0098,25986.9199,25986.9199,240440000,-0.005269001496265746,0
2018-08-31,25964.8496,25964.8203,25964.8203,273440000,-0.0008504124415299463,0
2018-09-04,25916.0703,25952.4805,25952.4805,254600000,-0.0004752507376296622,0
2018-09-05,25919.8398,25974.9902,25974.9902,289210000,0.0008673429115957365,1
2018-09-06,25973.0195,25995.8691,25995.8691,262380000,0.0008038078104837254,1
2018-09-07,25951.0195,25916.5391,25916.5391,281350000,-0.0030516386928567396,0
2018-09-10,25991.9102,25857.0703,25857.0703,252170000,-0.002294627371754343,0
2018-09-11,25841.1406,25971.0605,25971.0605,265960000,0.004408473143997282,1
2018-09-12,25989.0703,25998.9199,25998.9199,282770000,0.0010727093720335201,1
2018-09-13,26083.9395,26145.9902,26145.9902,260800000,0.0056567849959028305,1
2018-09-14,26169.5605,26154.6699,26154.6699,228640000,0.0003319705979236698,1
2018-09-17,26151.6602,26062.1191,26062.1191,230230000,-0.0035385956065918656,0
2018-09-18,26076.2109,26246.9609,26246.9609,243000000,0.0070923549727772706,1
2018-09-19,26287.8398,26405.7598,26405.7598,251330000,0.006050182366065915,1
2018-09-20,26519.3906,26656.9805,26656.9805,260480000,0.009513859926878698,1
2018-09-21,26726.2500,26743.5000,26743.5000,657620000,0.003245660175202447,1
2018-09-24,26705.2500,26562.0508,26562.0508,254850000,-0.006784796305644325,0
2018-09-25,26601.5801,26492.2109,26492.2109,234110000,-0.002629311287967395,0
2018-09-26,26536.8594,26385.2793,26385.2793,262620000,-0.004036341111870012,0
2018-09-27,26418.2695,26439.9297,26439.9297,226350000,0.002071245840479019,1
2018-09-28,26407.6602,26458.3105,26458.3105,264030000,0.0006951909558217118,1
2018-10-01,26598.3594,26651.2109,26651.2109,238320000,0.007290730071370044,1
2018-10-02,26648.9102,26773.9395,26773.9395,258290000,0.00460499151278726,1
2018-10-03,26833.4707,26828.3906,26828.3906,280130000,0.002033735080338106,1
2018-10-04,26784.0801,26627.4805,26627.4805,289600000,-0.007488712349372095,0
2018-10-05,26632.7695,26447.0508,26447.0508,267100000,-0.006776071059370392,0
2018-10-08,26399.4492,26486.7793,26486.7793,273020000,0.0015021901799348036,1
2018-10-09,26469.1895,26430.5703,26430.5703,282560000,-0.002122153069776922,0
2018-10-10,26441.7305,25598.7402,25598.7402,438200000,-0.031472272090927955,0
2018-10-11,25518.3906,25052.8301,25052.8301,522880000,-0.02132566273710612,0
2018-10-12,25407.6309,25339.9902,25339.9902,397510000,0.011462182070998805,1
2018-10-15,25332.4609,25250.5508,25250.5508,287320000,-0.0035295751613984017,0
2018-10-16,25351.5293,25798.4199,25798.4199,305800000,0.021697312836439275,1
2018-10-17,25705.8691,25706.6797,25706.6797,298210000,-0.0035560394921706484,0
2018-10-18,25645.5605,25379.4492,25379.4492,328020000,-0.012729395776460484,0
2018-10-19,25421.0898,25444.3398,25444.3398,350810000,0.0025568167176772683,1
2018-10-22,25492.1406,25317.4102,25317.4102,314940000,-0.00498852007942463,0
2018-10-23,25038.4609,25191.4297,25191.4297,436430000,-0.0049760421387807785,0
2018-10-24,25172.8809,24583.4199,24583.4199,496400000,-0.02413558131637128,0
2018-10-25,24736.5391,24984.5508,24984.5508,439670000,0.016317131694113973,1
2018-10-26,24770.2500,24688.3105,24688.3105,505310000,-0.01185693920900921,0
2018-10-29,24818.9805,24442.9199,24442.9199,443850000,-0.00993954608599068,0
2018-10-30,24482.0391,24874.6406,24874.6406,470050000,0.017662402927565157,1
2018-10-31,25008.8203,25115.7598,25115.7598,448930000,0.009693374223063156,1
2018-11-01,25142.0801,25380.7402,25380.7402,383970000,0.010550363680417174,1
2018-11-02,25443.5996,25270.8301,25270.8301,429480000,-0.00433045289987255,0
2018-11-05,25261.4707,25461.6992,25461.6992,334740000,0.007552941444531225,1
2018-11-06,25452.8301,25635.0098,25635.0098,265450000,0.006806717754328062,1
2018-11-07,25788.4609,26180.3008,26180.3008,361780000,0.021271339634908237,1
2018-11-08,26139.5898,26191.2207,26191.2207,295650000,0.00041710368736480596,1
2018-11-09,26149.1094,25989.3008,25989.3008,324450000,-0.007709449754665365,0
2018-11-12,25959.3301,25387.1797,25387.1797,346910000,-0.023168037671871478,0
2018-11-13,25321.2109,25286.4902,25286.4902,339690000,-0.0039661554055963055,0
2018-11-14,25388.0801,25080.5000,25080.5000,384240000,-0.008146255109773959,0
2018-11-15,25061.4805,25289.2695,25289.2695,392750000,0.008323976794720966,1
2018-11-16,25242.3496,25413.2207,25413.2207,354460000,0.004901335722647282,1
2018-11-19,25392.6094,25017.4395,25017.4395,358090000,-0.015573830828927604,0
2018-11-20,24618.6797,24465.6406,24465.6406,445920000,-0.022056569778054258,0
2018-11-21,24541.6504,24464.6895,24464.6895,289370000,-3.8874927313248264e-05,0
2018-11-23,24336.4004,24285.9492,24285.9492,155940000,-0.007306052259522855,0
2018-11-26,24364.1309,24640.2402,24640.2402,306280000,0.014588311829294431,1
2018-11-27,24557.0195,24748.7305,24748.7305,308250000,0.004402972500243685,1
2018-11-28,24832.8398,25366.4297,25366.4297,362160000,0.024958823645519823,1
2018-11-29,25343.6504,25338.8398,25338.8398,305110000,-0.0010876540501085774,0
2018-11-30,25307.1406,25538.4609,25538.4609,482250000,0.007878067882176598,1
2018-12-03,25779.5703,25826.4297,25826.4297,388480000,0.011275887028885156,1
2018-12-04,25752.5605,25027.0703,25027.0703,418900000,-0.030951215839175816,0
2018-12-06,24737.4199,24947.6699,24947.6699,471690000,-0.003172580691556126,0
2018-12-07,24918.8203,24388.9492,24388.9492,398230000,-0.022395706783021163,0
2018-12-10,24360.9492,24423.2598,24423.2598,389690000,0.0014068092773755758,1
2018-12-11,24719.9102,24370.2402,24370.2402,342960000,-0.00217086500467889,0
2018-12-12,24509.0898,24527.2695,24527.2695,344330000,0.006443485936589166,1
2018-12-13,24575.8594,24597.3809,24597.3809,299970000,0.0028585081596628203,1
2018-12-14,24408.0391,24100.5098,24100.5098,416940000,-0.020200162855550263,0
2018-12-17,23986.8301,23592.9805,23592.9805,466740000,-0.021058861584745348,0
2018-12-18,23769.1309,23675.6406,23675.6406,408070000,0.0035035887051233505,1
2018-12-19,23693.3301,23323.6602,23323.6602,503550000,-0.014866774080022127,0
2018-12-20,23224.1191,22859.5996,22859.5996,576700000,-0.01989655980325067,0
2018-12-21,22871.7402,22445.3691,22445.3691,900510000,-0.018120636723663375,0
2018-12-24,22317.2793,21792.1992,21792.1992,308420000,-0.02910043034222154,0
2018-12-26,21857.7305,22878.4492,22878.4492,433080000,0.04984581822288048,1
2018-12-27,22629.0605,23138.8203,23138.8203,407940000,0.011380627144955247,1
2018-12-28,23213.6094,23062.4004,23062.4004,336510000,-0.0033026705341585583,0
2018-12-31,23153.9395,23327.4609,23327.4609,288830000,0.011493187847003039,1
2019-01-02,23058.6094,23346.2402,23346.2402,321570000,0.0008050297492943059,1
2019-01-03,23176.3906,22686.2207,22686.2207,424240000,-0.028270911904692886,0
2019-01-04,22894.9199,23433.1602,23433.1602,396020000,0.03292480972822398,1
2019-01-07,23474.2598,23531.3496,23531.3496,334200000,0.00419019027574441,1
2019-01-08,23680.3203,23787.4492,23787.4492,317420000,0.010883336670158394,1
2019-01-09,23844.2695,23879.1191,23879.1191,324570000,0.0038537087028229777,1
2019-01-10,23811.1094,24001.9199,24001.9199,338150000,0.005142601763730825,1
2019-01-11,23940.0098,23995.9492,23995.9492,262650000,-0.00024875926696188433,0
2019-01-14,23880.5293,23909.8398,23909.8398,277560000,-0.003588497345210162,0
2019-01-15,23914.1094,24065.5898,24065.5898,291570000,0.006514054519093815,1
2019-01-16,24139.9102,24207.1602,24207.1602,302830000,0.0058826898146495665,1
2019-01-17,24147.0898,24370.0996,24370.0996,288590000,0.00673104150399273,1
2019-01-18,24534.1895,24706.3496,24706.3496,372970000,0.013797645701866479,1
2019-01-22,24607.7598,24404.4805,24404.4805,338480000,-0.012218280113708069,0
2019-01-23,24577.2500,24575.6191,24575.6191,318600000,0.007012589348091236,1
2019-01-24,24579.9609,24553.2402,24553.2402,320170000,-0.0009106138856131984,0
2019-01-25,24687.2109,24737.1992,24737.1992,376890000,0.0074922494343536705,1
2019-01-28,24596.9805,24528.2207,24528.2207,347170000,-0.008447945068898455,0
2019-01-29,24519.6191,24579.9609,24579.9609,330870000,0.0021094151358478364,1
2019-01-30,24826.5195,25014.8594,25014.8594,397330000,0.017693213661702956,1
2019-01-31,24954.4805,24999.6699,24999.6699,507350000,-0.0006072190835499924,0
2019-02-01,25025.3105,25063.8906,25063.8906,372090000,0.002568861919252763,1
2019-02-04,25062.1191,25239.3691,25239.3691,298540000,0.007001247444002212,1
2019-02-05,25287.9297,25411.5195,25411.5195,310650000,0.006820709317967744,1
2019-02-06,25371.5703,25390.3008,25390.3008,247590000,-0.0008350031960897564,0
2019-02-07,25265.8105,25169.5293,25169.5293,295460000,-0.008695111638850839,0
2019-02-08,25042.3594,25106.3301,25106.3301,248210000,-0.0025109408780242815,0
2019-02-11,25142.8105,25053.1094,25053.1094,241700000,-0.0021198120070921034,0
2019-02-12,25152.0293,25425.7598,25425.7598,278110000,0.014874417145202656,1
2019-02-13,25480.8594,25543.2695,25543.2695,263330000,0.004621678995016643,1
2019-02-14,25460.6504,25439.3906,25439.3906,313010000,-0.004066781662386609,0
2019-02-15,25564.6309,25883.2500,25883.2500,328530000,0.017447721408861083,1
2019-02-19,25849.8496,25891.3203,25891.3203,280620000,0.00031179623888033525,1
2019-02-20,25872.2598,25954.4395,25954.4395,287880000,0.0024378517305663205,1
2019-02-21,25922.4102,25850.6309,25850.6309,255710000,-0.003999647150923824,0
2019-02-22,25906.2695,26031.8105,26031.8105,279760000,0.007008710955677344,1
2019-02-25,26126.1504,26091.9492,26091.9492,281600000,0.0023102004372688167,1
2019-02-26,26051.6094,26057.9805,26057.9805,257850000,-0.0013018843375640632,0
2019-02-27,25995.5996,25985.1602,25985.1602,255380000,-0.0027945488715060973,0
2019-02-28,25984.2793,25916.0000,25916.0000,338520000,-0.0026615267894326555,0
2019-03-01,26019.6699,26026.3203,26026.3203,289890000,0.0042568413335390964,1
2019-03-04,26122.1895,25819.6504,25819.6504,295510000,-0.00794080367941985,0
2019-03-05,25829.0703,25806.6309,25806.6309,252260000,-0.0005042477259877831,0
2019-03-06,25818.7598,25673.4609,25673.4609,256250000,-0.005160301649449361,0
2019-03-07,25645.4492,25473.2305,25473.2305,289140000,-0.007799119907514918,0
2019-03-08,25347.3809,25450.2402,25450.2402,270500000,-0.0009025278517383883,0
2019-03-11,25208.0000,25650.8809,25650.8809,309790000,0.007883646614855966,1
2019-03-12,25600.3008,25554.6602,25554.6602,317730000,-0.003751165520401334,0
2019-03-13,25637.2305,25702.8906,25702.8906,331410000,0.005800523225114151,1
2019-03-14,25692.3105,25709.9395,25709.9395,302790000,0.00027424541891796217,1
2019-03-15,25720.9609,25848.8691,25848.8691,616910000,0.0054037311134085275,1
2019-03-18,25801.8809,25914.0996,25914.0996,303170000,0.0025235339986304783,1
2019-03-19,25987.8691,25887.3809,25887.3809,342250000,-0.0010310487500018173,0
2019-03-20,25867.7891,25745.6699,25745.6699,321980000,-0.005474134310744394,0
2019-03-21,25688.4395,25962.5098,25962.5098,335250000,0.008422383291723845,1
2019-03-22,25844.6504,25502.3203,25502.3203,386510000,-0.017725154599652737,0
2019-03-25,25490.7207,25516.8301,25516.8301,303120000,0.000568959993808793,1
2019-03-26,25649.5605,25657.7305,25657.7305,305110000,0.0055218614321534965,1
2019-03-27,25676.3398,25625.5898,25625.5898,270340000,-0.0012526711978676497,0
2019-03-28,25693.3203,25717.4609,25717.4609,237170000,0.0035851311410595166,1
2019-03-29,25827.3105,25928.6797,25928.6797,300620000,0.008213050301556057,1
2019-04-01,26075.0996,26258.4199,26258.4199,295570000,0.012717199788618627,1
2019-04-02,26213.5508,26179.1309,26179.1309,250940000,-0.0030195647834849737,0
2019-04-03,26238.0293,26218.1309,26218.1309,271980000,0.0014897362387229496,1
2019-04-04,26213.4199,26384.6309,26384.6309,233040000,0.006350567118421191,1
2019-04-05,26427.5605,26424.9902,26424.9902,229550000,0.0015296518701726214,1
2019-04-08,26312.6699,26341.0195,26341.0195,229380000,-0.0031777003270185844,0
2019-04-09,26243.5391,26150.5801,26150.5801,244410000,-0.007229765727176929,0
2019-04-10,26173.7109,26157.1602,26157.1602,203130000,0.00025162348119378564,1
2019-04-11,26188.2109,26143.0508,26143.0508,211680000,-0.0005394087084421573,0
2019-04-12,26357.7891,26412.3008,26412.3008,369910000,0.010299104035708107,1
2019-04-15,26407.7598,26384.7695,26384.7695,250620000,-0.0010423665930687775,0
2019-04-16,26482.1895,26452.6602,26452.6602,302340000,0.0025731018798553773,1
2019-04-17,26468.5293,26449.5391,26449.5391,367780000,-0.00011798813338237402,0
2019-04-18,26463.3691,26559.5391,26559.5391,332850000,0.0041588626396895645,1
2019-04-22,26510.7695,26511.0508,26511.0508,232570000,-0.0018256453855406418,0
2019-04-23,26513.8301,26656.3906,26656.3906,311690000,0.00548223460082542,1
2019-04-24,26652.5605,26597.0508,26597.0508,283370000,-0.0022261003333285956,0
2019-04-25,26426.3691,26462.0801,26462.0801,296730000,-0.005074649103576578,0
2019-04-26,26454.6191,26543.3301,26543.3301,317290000,0.00307043133770879,1
2019-04-29,26559.8691,26554.3906,26554.3906,279450000,0.000416696019615026,1
2019-04-30,26594.5605,26592.9102,26592.9102,340320000,0.001450592505783277,1
2019-05-01,26639.0605,26430.1406,26430.1406,303850000,-0.00612078929217752,0
2019-05-02,26407.1504,26307.7891,26307.7891,287610000,-0.004629241359389358,0
2019-05-03,26379.1406,26504.9492,26504.9492,248900000,0.007494362192526305,1
2019-05-06,26160.6191,26438.4805,26438.4805,283020000,-0.0025077844706828945,0
2019-05-07,26276.9004,25965.0898,25965.0898,334960000,-0.017905367140899076,0
2019-05-08,25933.7891,25967.3301,25967.3301,276420000,8.628123442866453e-05,1
2019-05-09,25878.8496,25828.3594,25828.3594,334760000,-0.005351751584195319,0
2019-05-10,25763.7207,25942.3691,25942.3691,294580000,0.004414128603150713,1
2019-05-13,25568.0605,25324.9902,25324.9902,361240000,-0.023798092518851677,0
2019-05-14,25384.0293,25532.0508,25532.0508,291570000,0.008176137418604013,1
2019-05-15,25400.1309,25648.0195,25648.0195,270720000,0.004542083239157391,1
2019-05-16,25692.1406,25862.6797,25862.6797,320960000,0.008369464940558125,1
2019-05-17,25719.9492,25764.0000,25764.0000,283760000,-0.003815524962790362,0
2019-05-20,25655.3105,25679.9004,25679.9004,279560000,-0.0032642291569632276,0
2019-05-21,25782.3398,25877.3301,25877.3301,260870000,0.0076881022482471195,1
2019-05-22,25818.4609,25776.6094,25776.6094,241760000,-0.003892236935216009,0
2019-05-23,25657.9902,25490.4707,25490.4707,316940000,-0.011100711329396162,0
2019-05-24,25551.0703,25585.6895,25585.6895,201370000,0.0037354665247510965,1
2019-05-28,25616.5508,25347.7695,25347.7695,358980000,-0.009298948148338981,0
2019-05-29,25231.4609,25126.4102,25126.4102,298930000,-0.008732890679000405,0
2019-05-30,25139.9395,25169.8809,25169.8809,215240000,0.0017300800095989555,1
2019-05-31,25046.3105,24815.0391,24815.0391,292230000,-0.01409787362164272,0
2019-06-03,24830.1602,24819.7793,24819.7793,328240000,0.00019102125855585683,1
2019-06-04,24962.8203,25332.1797,25332.1797,281690000,0.02064484110863951,1
2019-06-05,25451.0000,25539.5703,25539.5703,262660000,0.008186843866420102,1
2019-06-06,25567.4492,25720.6602,25720.6602,248070000,0.0070905617390124576,1
2019-06-07,25768.7207,25983.9395,25983.9395,263010000,0.010236101948891685,1
2019-06-10,26090.2207,26062.6797,26062.6797,249280000,0.003030341107436829,1
2019-06-11,26180.5898,26048.5098,26048.5098,253490000,-0.0005436854599414342,0
2019-06-12,26040.3008,26004.8301,26004.8301,223690000,-0.0016768598409419022,0
2019-06-13,26036.9395,26106.7695,26106.7695,213400000,0.003920017920055585,1
2019-06-14,26076.3594,26089.6094,26089.6094,208020000,-0.0006573046121235437,0
2019-06-17,26108.5293,26112.5293,26112.5293,199500000,0.0008785068280861008,1
2019-06-18,26228.9004,26465.5391,26465.5391,273490000,0.013518790000936587,1
2019-06-19,26490.1602,26504.0000,26504.0000,240950000,0.001453244532623188,1
2019-06-20,26665.3809,26753.1699,26753.1699,278170000,0.009401218683972257,1
2019-06-21,26749.1191,26719.1309,26719.1309,485560000,-0.0012723352083970907,0
2019-06-24,26727.6094,26727.5391,26727.5391,232390000,0.00031468837932902005,1
2019-06-25,26731.6094,26548.2207,26548.2207,282160000,-0.006709124971404523,0
2019-06-26,26599.4199,26536.8203,26536.8203,274340000,-0.00042942237556442553,0
2019-06-27,26523.7207,26526.5801,26526.5801,246930000,-0.00038588647336923465,0
2019-06-28,26605.9297,26599.9609,26599.9609,499350000,0.0027663121187642137,1
2019-07-01,26805.8594,26717.4297,26717.4297,267670000,0.004416126792126329,1
2019-07-02,26719.5293,26786.6797,26786.6797,219270000,0.0025919409455767983,1
2019-07-03,26832.3203,26966.0000,26966.0000,149840000,0.006694383253479597,1
2019-07-05,26867.7500,26922.1191,26922.1191,192170000,-0.001627267670399779,0
2019-07-08,26835.6406,26806.1406,26806.1406,214290000,-0.004307926117153249,0
2019-07-09,26725.1191,26783.4902,26783.4902,218330000,-0.0008449705736452984,0
2019-07-10,26851.9609,26860.1992,26860.1992,207990000,0.0028640404752029447,1
2019-07-11,26950.1602,27088.0801,27088.0801,252300000,0.00848396165282339,1
2019-07-12,27139.4902,27332.0293,27332.0293,248390000,0.009005776677395438,1
2019-07-15,27364.6895,27359.1602,27359.1602,199730000,0.0009926412599008394,1
2019-07-16,27349.3203,27335.6309,27335.6309,226000000,-0.0008600154327835785,0
2019-07-17,27320.9102,27219.8496,27219.8496,193930000,-0.004235545190947043,0
2019-07-18,27191.9805,27222.9707,27222.9707,216070000,0.00011466264677673088,1
2019-07-19,27246.3809,27154.1992,27154.1992,287690000,-0.002526230541033625,0
2019-07-22,27174.1797,27171.9004,27171.9004,216310000,0.0006518770768979554,1
2019-07-23,27231.8594,27349.1895,27349.1895,248850000,0.006524722135371919,1
2019-07-24,27262.2402,27269.9707,27269.9707,244320000,-0.0028965684705207773,0
2019-07-25,27247.3906,27140.9805,27140.9805,241420000,-0.004730118760266966,0
2019-07-26,27166.0000,27192.4492,27192.4492,233650000,0.0018963463755481413,1
2019-07-29,27192.2402,27221.3496,27221.3496,250850000,0.0010628097449936202,1
2019-07-30,27145.3906,27198.0195,27198.0195,293250000,-0.0008570515548576019,0
2019-07-31,27244.6699,26864.2695,26864.2695,385150000,-0.012271114078729162,0
2019-08-01,26879.8594,26583.4199,26583.4199,386320000,-0.010454391845644562,0
2019-08-02,26528.6602,26485.0098,26485.0098,327640000,-0.0037019352803436822,0
2019-08-05,26259.2305,25717.7402,25717.7402,422240000,-0.02896995718687634,0
2019-08-06,25810.6191,26029.5195,26029.5195,318160000,0.01212312192188647,1
2019-08-07,25814.2207,26007.0703,26007.0703,344790000,-0.0008624515715704995,0
2019-08-08,26086.5195,26378.1895,26378.1895,282530000,0.014269934895358105,1
2019-08-09,26337.0898,26287.4395,26287.4395,240260000,-0.003440342256999851,0
2019-08-12,26169.9102,25896.4395,25896.4395,199390000,-0.014874023770934386,0
2019-08-13,25888.8809,26279.9102,26279.9102,308900000,0.014807854183969793,1
2019-08-14,26035.0801,25479.4199,25479.4199,352250000,-0.030460161161433463,0
2019-08-15,25514.2500,25579.3906,25579.3906,332600000,0.0039235861880826395,1
2019-08-16,25678.1699,25886.0098,25886.0098,276210000,0.011986962660478717,1
2019-08-19,26020.0605,26135.7891,26135.7891,252640000,0.009649200550020831,1
2019-08-20,26086.8594,25962.4395,25962.4395,238100000,-0.006632652235474379,0
2019-08-21,26145.3594,26202.7305,26202.7305,208790000,0.009255332111606895,1
2019-08-22,26271.6406,26252.2402,26252.2402,222810000,0.0018894862884613062,1
2019-08-23,26134.2109,25628.9004,25628.9004,364260000,-0.023744251738181288,0
2019-08-26,25826.0508,25898.8301,25898.8301,222780000,0.010532238831440388,1
